id,TiÃªu Ä‘á»,GiÃ¡,Khoáº£ng giÃ¡ min,Khoáº£ng giÃ¡ max,Äá»‹a chá»‰,MÃ´ táº£ chi tiáº¿t,ThÆ°Æ¡ng hiá»‡u,DÃ²ng xe,NÄƒm Ä‘Äƒng kÃ½,Sá»‘ Km Ä‘Ã£ Ä‘i,TÃ¬nh tráº¡ng,Loáº¡i xe,Dung tÃ­ch xe,Xuáº¥t xá»©,ChÃ­nh sÃ¡ch báº£o hÃ nh,Trá»ng lÆ°á»£ng,Href
309,Cáº§n bÃ¡n xe Honda Airblade 2014,16.000.000 Ä‘,15.19 tr,17.83 tr,"PhÆ°á»ng 3, Quáº­n 4, Tp Há»“ ChÃ­ Minh",Xe chÃ­nh chá»§ Ä‘ang xá»­ dá»¥ng. TÃ¬nh tráº¡ng tá»‘t. Báº£o dÆ°á»¡ng táº¡i Honda PhÃ¡t Tiáº¿n.,Honda,Air Blade,2014,100496,ÄÃ£ sá»­ dá»¥ng,Tay ga,100 - 175 cc,Viá»‡t Nam,Báº£o hÃ nh hÃ£ng,> 50 kg,https://xe.chotot.com/mua-ban-xe-may-quan-4-tp-ho-chi-minh/124030731.htm
382,xe xuá»‘ng Ã¡o,14.500.000 Ä‘,15.8 tr,18.55 tr,"PhÆ°á»ng 4, Quáº­n 4, Tp Há»“ ChÃ­ Minh",Xe 2011 bs thÃ nh phá»‘ khÃ´ng sang tÃªn xe cháº¡y Ãªm,Yamaha,Exciter,2011,20000,ÄÃ£ sá»­ dá»¥ng,Tay cÃ´n/Moto,100 - 175 cc,Viá»‡t Nam,Báº£o hÃ nh hÃ£ng,> 50 kg,https://xe.chotot.com/mua-ban-xe-may-quan-4-tp-ho-chi-minh/123239812.htm
1840,Xe cub 78,1.500.000 Ä‘,6.82 tr,8.01 tr,"PhÆ°á»ng Hiá»‡p ThÃ nh, Quáº­n 12, Tp Há»“ ChÃ­ Minh","Xe cub78 
09chá»§ 
sdt *** 
Táº·ng ae sÆ°á»n MD50 cÃ²n Ä‘áº¹p cá»©ng",Honda,Cub,trÆ°á»›c nÄƒm 1980,9999,ÄÃ£ sá»­ dá»¥ng,Xe sá»‘,DÆ°á»›i 50 cc,Nháº­t Báº£n,Báº£o hÃ nh hÃ£ng,> 50 kg,https://xe.chotot.com/mua-ban-xe-may-quan-12-tp-ho-chi-minh/125036349.htm
3439,ab 2020 bstp 9c,32.000.000 Ä‘,29.9 tr,35.1 tr,"PhÆ°á»ng 25, Quáº­n BÃ¬nh Tháº¡nh, Tp Há»“ ChÃ­ Minh",Xe zin Ä‘áº¹p . Bá»c keo nguyÃªn con ace nÃ o thÃ­ch lh e .,Honda,Air Blade,2020,13000,ÄÃ£ sá»­ dá»¥ng,Tay ga,100 - 175 cc,Viá»‡t Nam,Báº£o hÃ nh hÃ£ng,> 50 kg,https://xe.chotot.com/mua-ban-xe-may-quan-binh-thanh-tp-ho-chi-minh/123528782.htm
252,Vespa LX 125 ie Ä‘Ã¨n vuÃ´ng Ä‘á»i Ä‘áº§u phun xÄƒng FI,13.000.000 Ä‘,7.2 tr,8.45 tr,"PhÆ°á»ng 5, Quáº­n 3, Tp Há»“ ChÃ­ Minh","BÃ¡n Piaggio LX 125 ie mÃ u Ä‘en, Ä‘Äƒng kÃ½ láº§n Ä‘áº§u 2011 bstp, odo 20.000km, xe ráº¥t Ã­t khi cháº¡y, xem xe, kiá»ƒm tra xe, mua bÃ¡n táº¡i nhÃ , giÃ¡ mÃ¬nh bÃ¡n 13tr",Piaggio,LX,2011,20000,ÄÃ£ sá»­ dá»¥ng,Tay ga,100 - 175 cc,Äang cáº­p nháº­t,Báº£o hÃ nh hÃ£ng,> 50 kg,https://xe.chotot.com/mua-ban-xe-may-quan-3-tp-ho-chi-minh/123338427.htm
3440,vespa sprtin,48.800.000 Ä‘,36.61 tr,42.98 tr,"PhÆ°á»ng 5, Quáº­n BÃ¬nh Tháº¡nh, Tp Há»“ ChÃ­ Minh","Loáº¡i xe:vespa sprtin ( ae tráº£ trÆ°á»›c 60% xe láº¥y xe vá» cháº¡y)
- Date : 2018
- MÃ u sáº¯c : Há»“ng Pink
- Odo : 22k
- Bs : # 59X3 30703 ( gÃ¡nh)
 - Cam káº¿t MÃ¡y mÃ³c nguyÃªn zin bao chÆ°a Ä‘á»¥ng cháº¡m báº¥t cá»© thá»© gÃ¬ .
- Báº£o hÃ nh mÃ¡y mÃ³c 6th, Ä‘iá»‡n lá»­a sáº¡c 3th , bÃ¬nh acquy 2th . 
- Há»— trá»£ sang tÃªn rÃºt há»“ sÆ¡ náº¿u quÃ½ khÃ¡ch cÃ³ yÃªu cáº§u .
- Há»— trá»£ trá»±c tiáº¿p cá»­a hÃ ng hoáº·c qua NgÃ¢n HÃ ng
- Äá»‹a chá»‰ + sdt : 45A2 Nguyá»…n ThÆ°á»£ng Hiá»n , P5 , Quáº­n BÃ¬nh Tháº¡nh .
- Há»— trá»£ váº­n chuyá»ƒn cho ae cÃ¡c tá»‰nh .",Piaggio,Vespa,2018,2222,ÄÃ£ sá»­ dá»¥ng,Tay ga,100 - 175 cc,NÆ°á»›c khÃ¡c,Báº£o hÃ nh hÃ£ng,> 50 kg,https://xe.chotot.com/mua-ban-xe-may-quan-binh-thanh-tp-ho-chi-minh/123525032.htm
6034,Vá» quÃª cáº§n bÃ¡n Exciter giáº¥y tá» Ä‘áº§y Ä‘á»§,14.500.000 Ä‘,15.73 tr,18.46 tr,"PhÆ°á»ng Hiá»‡p BÃ¬nh PhÆ°á»›c (Quáº­n Thá»§ Äá»©c cÅ©), ThÃ nh phá»‘ Thá»§ Äá»©c, Tp Há»“ ChÃ­ Minh","Do tháº¥t nghiá»‡p nÃªn cáº§n bÃ¡n láº¡i Exciter Ä‘á»i 2017 mÃ¡y mÃ³c zin chÆ°a Ä‘á»¥ng cháº¡m gÃ¬, ngoáº¡i hÃ¬nh cÃ²n Ä‘áº¹p má»›i, trÆ°á»›c mua ngay chá»§ nhÆ°ng khÃ´ng cÃ³ thá»i gian Ä‘i sang tÃªn, nay bÃ¡n láº¡i bao tranh cháº¥p cÃ³ cccd chá»§ ai cáº§n liÃªn há»‡ trá»±c tiáº¿p",Yamaha,Exciter,2017,1122,ÄÃ£ sá»­ dá»¥ng,Tay ga,100 - 175 cc,Nháº­t Báº£n,Báº£o hÃ nh hÃ£ng,> 50 kg,https://xe.chotot.com/mua-ban-xe-may-thanh-pho-thu-duc-tp-ho-chi-minh/118708747.htm
1353,Cáº§n bÃ¡n xe spacy cÅ©,1.500.000 Ä‘,19.75 tr,23.19 tr,"PhÆ°á»ng 4, Quáº­n 8, Tp Há»“ ChÃ­ Minh","Äá»•i xe má»›i, nÃªn em cáº§n bÃ¡n láº¡i chiáº¿c spacy cÅ©.
Xe cá»§a nháº­t, lÃ¢u Ä‘á»i. Xe váº«n cÃ²n cháº¡y Ä‘Æ°á»£c.",Honda,Spacy,2000,100000,ÄÃ£ sá»­ dá»¥ng,Tay ga,50 - 100 cc,Nháº­t Báº£n,Báº£o hÃ nh hÃ£ng,> 50 kg,https://xe.chotot.com/mua-ban-xe-may-quan-8-tp-ho-chi-minh/123489619.htm
6377,Suzuki raider zin,18.000.000 Ä‘,14.25 tr,16.73 tr,"XÃ£ An PhÃº TÃ¢y, Huyá»‡n BÃ¬nh ChÃ¡nh, Tp Há»“ ChÃ­ Minh","Äá»‹a chá»‰: tphcm. huyá»‡n bÃ¬nh chÃ¡nh, cÃ¡ch chá»£ hÆ°ng long 800m. cÃ¡ch chá»£ bÃ¬nh chÃ¡nh 3km. ai quan tÃ¢m Ä‘á»«ng tiáº¿c 1 cuá»™c gá»i nhÃ© .",Suzuki,Raider,2017,23000,ÄÃ£ sá»­ dá»¥ng,Tay cÃ´n/Moto,100 - 175 cc,Viá»‡t Nam,Báº£o hÃ nh hÃ£ng,> 50 kg,https://xe.chotot.com/mua-ban-xe-may-huyen-binh-chanh-tp-ho-chi-minh/123382734.htm
2058,Atila cháº¡y cÃ²n ráº¥t ngon,2.500.000 Ä‘,3 tr,3.52 tr,"PhÆ°á»ng Hiá»‡p ThÃ nh, Quáº­n 12, Tp Há»“ ChÃ­ Minh","Atila má»›i báº£o dÆ°á»¡ng cháº¡y ngon ok
BÃ¡n giao cavec bao tranh cháº¥p.
Xem xe 389/ LÃª VÄƒn KhÆ°Æ¡ng, Q12",SYM,Attila,2008,12345,ÄÃ£ sá»­ dá»¥ng,Tay ga,100 - 175 cc,ÄÃ i Loan,Báº£o hÃ nh hÃ£ng,> 50 kg,https://xe.chotot.com/mua-ban-xe-may-quan-12-tp-ho-chi-minh/123515204.htm
3396,cáº§n bÃ¡n lead,13.500.000 Ä‘,15.31 tr,17.98 tr,"PhÆ°á»ng 28, Quáº­n BÃ¬nh Tháº¡nh, Tp Há»“ ChÃ­ Minh","Xe mÃ¡y mÃ³c Ãªm nguyÃªn zin , cÃ³ trÃ y bÃªn trong Ä‘Ã£ dÃ¡n decal Ä‘á»•i mÃ u xá»‹n , xe Ä‘ang Ä‘á»©ng uá»· quyá»n láº§n 2 , cÃ³ fixx cafe cho anh em nÃ o nhanh láº¹ !",Honda,Lead,2014,123456,ÄÃ£ sá»­ dá»¥ng,Tay ga,100 - 175 cc,Viá»‡t Nam,Báº£o hÃ nh hÃ£ng,> 50 kg,https://xe.chotot.com/mua-ban-xe-may-quan-binh-thanh-tp-ho-chi-minh/123639796.htm
4326,SHVN 150 CBS 2017 smartkey. Bs.HCM,60.000.000 Ä‘,,64.8 tr,"PhÆ°á»ng 7, Quáº­n TÃ¢n BÃ¬nh, Tp Há»“ ChÃ­ Minh","SHVN 2017 150 CBS smartkey
Biá»ƒn sá»‘ HCM
Odo 32k km.
Xe to nÃªn lÃ m biáº¿ng láº¥y Ä‘i
Xe 1 Ä‘á»i chá»§ chÃ­nh chá»§ Ä‘á»©ng tÃªn.
GiÃ¡ 6o triá»‡u.
Chá»‰ kÃ½ mua bÃ¡n. Giao xe lÃ  thÃ¡o biá»ƒn thu há»“i nhen. 
Xem vÃ  gd táº¡i nhÃ  BÃ nh VÄƒn TrÃ¢n. TÃ¢n bÃ¬nh
----
* dÃ n Ã¡o cÃ³ sÆ¡n phá»§ lá»›p bÃ³ng camay tÃ­m
* 2 vá» MIC thay lÃºc táº§m 28k km
* Km 31k (10.2023) dá»£ xÃ¡ch hÃ£ng báº£o dÆ°á»¡ng vÃ  Ä‘iá»‡p khÃºc tÆ° váº¥n cá»§a hÃ£ng : thay thay thay. TÃºm láº¡i thay nguyÃªn bá»™ ná»“i má»›i tinh háº¿t 6 triá»‡u máº¥y. Rá»“i vá»©t xÃ³ tá»›i giá» :D cÃ²n HÃ³a ÄÆ¡n head honda",Honda,SH,2017,32000,ÄÃ£ sá»­ dá»¥ng,Tay ga,100 - 175 cc,Äang cáº­p nháº­t,Báº£o hÃ nh hÃ£ng,> 50 kg,https://xe.chotot.com/mua-ban-xe-may-quan-tan-binh-tp-ho-chi-minh/123480704.htm
3828,"Xe Ä‘áº¹p, cÃ²n zin",6.000.000 Ä‘,5.75 tr,6.75 tr,"PhÆ°á»ng 17, Quáº­n GÃ² Váº¥p, Tp Há»“ ChÃ­ Minh","Xe Ä‘áº¹p, mÃ¡y Ãªm, cÃ²n zin tá»« A Äáº¾N Z 
CÃ³ cccd cá»§a chá»§ xe 
 LH ***",Yamaha,Mio,2007,100000,ÄÃ£ sá»­ dá»¥ng,Tay ga,50 - 100 cc,Viá»‡t Nam,Báº£o hÃ nh hÃ£ng,> 50 kg,https://xe.chotot.com/mua-ban-xe-may-quan-go-vap-tp-ho-chi-minh/123770536.htm
3455,Wave YMH 50 cc,3.300.000 Ä‘,8.65 tr,10.15 tr,"PhÆ°á»ng 24, Quáº­n BÃ¬nh Tháº¡nh, Tp Há»“ ChÃ­ Minh","NhÃ  cháº­t cáº§n bÃ¡n xe 48 cm cho há»c sinh Ä‘i há»c, xe mÃ¡y im ru Ä‘áº·c biá»‡t chÆ°a rá»›t Ä‘áº§u
BÃ¡n táº¡i nhÃ  viáº¿t giáº¥y tay bao tranh cháº¥p,giÃ¡ trÃªn ráº½ bÃ¨o rá»“i nÃªn chá»‰ bá»›t xÄƒng thÃ´i nhe
xXem vÃ  mua xe 375 báº¡ch Ä‘áº±ng f 15 bÃ¬nh tháº¡nh tphcm
Ät tuá»›c kho Ä‘áº¿n ,Ä‘a táº¡!",Honda,Wave,2015,32000,ÄÃ£ sá»­ dá»¥ng,Xe sá»‘,DÆ°á»›i 50 cc,ÄÃ i Loan,Báº£o hÃ nh hÃ£ng,> 50 kg,https://xe.chotot.com/mua-ban-xe-may-quan-binh-thanh-tp-ho-chi-minh/123487435.htm
510,53535 ChÃ­nh chá»§ kÃ½ á»§y quyá»n cho ae chÆ¡i thoáº£i mÃ¡i,123.456.789 Ä‘,15.9 tr,18.67 tr,"PhÆ°á»ng 11, Quáº­n 6, Tp Há»“ ChÃ­ Minh","Air Blade Ä‘k 2015 bstp 2 phÃ­m chÃ­nh chá»§ kÃ½ á»§y quyá»n cho ae chÆ¡i 
âˆš dÃ n Ã¡o Ä‘áº¹p long lanh 
âˆš á»‘c tÃ¡n sÃ¡ng trÆ°ng 
 MÃ¡y mÃ³c nguyÃªn zin bao Ãªm ( bao test) 
chÃ¬a khÃ³a theo xe Ä‘á»§ 2 chÃ¬a",Honda,Air Blade,2015,25,ÄÃ£ sá»­ dá»¥ng,Tay ga,100 - 175 cc,Nháº­t Báº£n,Báº£o hÃ nh hÃ£ng,> 50 kg,https://xe.chotot.com/mua-ban-xe-may-quan-6-tp-ho-chi-minh/124728928.htm
677,"CBR150R HRC Biá»ƒn HCM (KÃ½ mua bÃ¡n, khÃ´ng uá»· quyá»n)",43.000.000 Ä‘,82.58 tr,96.94 tr,"PhÆ°á»ng 11, Quáº­n 6, Tp Há»“ ChÃ­ Minh","GiÃ¡ xe khÃ´ng bao há»“ sÆ¡ sang tÃªn, cÃ²n thÆ°Æ¡ng lÆ°á»£ng
Xe dáº¯t hÃ£ng 1 chá»§ Ä‘Äƒng kÃ½ láº§n Ä‘áº§u thÃ¡ng 11/2023
ODO ~ 15k
Äá»“ zin cÃ²n Ä‘á»§
Äá»“ chÆ¡i Ä‘i kÃ¨m: 
- Lá»‘p sau Michellin pilot street 140/70-17
- CÃ¹m cÃ´ng táº¯c CB1000R táº¯t mÃ¡y kháº©n cáº¥p, táº¯t Ä‘Ã¨n pha
- KÃ­nh giÃ³ cao ThÃ¡i Lan
- Cáº·p tay cÃ´n/tháº¯ng RCB chÃ­nh hÃ£ng
- Chá»‘ng Ä‘á»• gÃ¹ to chÆ°a tráº§y chÆ°a ngÃ£
- PÃ¡t nÃ¢ng gÃ¡c chÃ¢n
- LÃªn tem trÃ¹m nguyÃªn xe sá»­ dá»¥ng chÆ°a Ä‘Æ°á»£c 2 thÃ¡ng cÃ²n ráº¥t má»›i
- NhÃ´ng sÃªn Ä‘Ä©a full bá»™ recto má»›i thay

Táº·ng kÃ¨m ben nÃ¢ng xe M-biker hÃ ng xá»‹n chuyÃªn nÃ¢ng xe nhá» khÃ´ng cáº§n á»‘c ben nÃ¢ng",Honda,CBR,2023,15000,ÄÃ£ sá»­ dá»¥ng,Tay cÃ´n/Moto,100 - 175 cc,Viá»‡t Nam,Báº£o hÃ nh hÃ£ng,> 50 kg,https://xe.chotot.com/mua-ban-xe-may-quan-6-tp-ho-chi-minh/123012735.htm
3413,CÃºp 50cc . ChÃ­nh chá»§,7.800.000 Ä‘,7.14 tr,8.38 tr,"PhÆ°á»ng 11, Quáº­n BÃ¬nh Tháº¡nh, Tp Há»“ ChÃ­ Minh",DÆ° dÃ¹ng cáº§n thanh lÃ½ chiáº¿c cÃºp 50cc. Biá»ƒn sá»‘ thÃ nh phá»‘.ChÃ­nh Chá»§.1 Ä‘á»i chá»§ sá»­ dá»¥ng.xe cÃ²n ráº¥t Ä‘áº¹p.nguyÃªn báº£n.ae nÃ o cáº§n liÃªn há»‡ nha,Halim,DÃ²ng khÃ¡c,2019,228465,ÄÃ£ sá»­ dá»¥ng,Xe sá»‘,DÆ°á»›i 50 cc,Viá»‡t Nam,Báº£o hÃ nh hÃ£ng,> 50 kg,https://xe.chotot.com/mua-ban-xe-may-quan-binh-thanh-tp-ho-chi-minh/123567914.htm
80,cáº§n bÃ¡n lead 4val 2023,39.000.000 Ä‘,35.87 tr,42.11 tr,"PhÆ°á»ng Pháº¡m NgÅ© LÃ£o, Quáº­n 1, Tp Há»“ ChÃ­ Minh","Cáº§n bÃ¡n lead 2023
Xe chÃ­nh chá»§
Bs HCM TÃ¢n PhÃº",Honda,Lead,2023,15000,ÄÃ£ sá»­ dá»¥ng,Tay ga,100 - 175 cc,Viá»‡t Nam,Báº£o hÃ nh hÃ£ng,> 50 kg,https://xe.chotot.com/mua-ban-xe-may-quan-1-tp-ho-chi-minh/123546864.htm
1264,Xe chÃ­nh chá»§ á»§y quyá»n ae cÃ³ nhÃ¡ Ã½ liÃªn há»‡ e áº¡,15.600.000 Ä‘,13.75 tr,16.14 tr,"PhÆ°á»ng 4, Quáº­n 8, Tp Há»“ ChÃ­ Minh",Xe Ä‘Ã£ qua sá»­ dá»¥ng mÃ¡y mÃ³c bao Ãªm keo nguyÃªn con tá»« khi mua chÆ°a gá»¡,Honda,Winner,2017,9999,ÄÃ£ sá»­ dá»¥ng,Tay cÃ´n/Moto,100 - 175 cc,Viá»‡t Nam,Báº£o hÃ nh hÃ£ng,> 50 kg,https://xe.chotot.com/mua-ban-xe-may-quan-8-tp-ho-chi-minh/123750107.htm
1176,xe winner x v3 abs bstp chÃ­nh chá»§ kÃ­ bÃ¡n,27.500.000 Ä‘,24.85 tr,29.17 tr,"PhÆ°á»ng 10, Quáº­n 8, Tp Há»“ ChÃ­ Minh","Xe Ä‘ang trong trÃ¬nh tráº¡ng hoÃ n háº£o 
Xe cÃ³ lÃ m yÃªn kymdan gÃ¹ sh350",Honda,Winner X,2023,30000,ÄÃ£ sá»­ dá»¥ng,Tay cÃ´n/Moto,100 - 175 cc,Viá»‡t Nam,Báº£o hÃ nh hÃ£ng,> 50 kg,https://xe.chotot.com/mua-ban-xe-may-quan-8-tp-ho-chi-minh/124461620.htm
1650,Cáº§n bÃ¡n xe suppe Dream 110cc 2016,25.000.000 Ä‘,10.08 tr,11.83 tr,"PhÆ°á»ng 4, Quáº­n 11, Tp Há»“ ChÃ­ Minh",Cáº§n bÃ¡n xe suppe Dream 110cc Ä‘áº¹p nhÆ° hÃ¬nh .tiáº¿c kiá»‡m xÄƒng mÃ¡y Ãªm.xe chá»‰ Ä‘i lÃ m vÃ  cafe vÃ²ng vÃ²ng nhÃ .qua xem xe thÃ­ch ngay,Honda,Dream,2016,15000,ÄÃ£ sá»­ dá»¥ng,Xe sá»‘,100 - 175 cc,Viá»‡t Nam,Báº£o hÃ nh hÃ£ng,> 50 kg,https://xe.chotot.com/mua-ban-xe-may-quan-11-tp-ho-chi-minh/124847278.htm
2264,"Vison nhÃ  cháº¡y ká»¹ , xem xe q12",10.500.000 Ä‘,10.54 tr,12.37 tr,"PhÆ°á»ng Thá»›i An, Quáº­n 12, Tp Há»“ ChÃ­ Minh","ğŸ‘‰ Honda tay ga ná»¯ , mÃ¡y rin , giáº¥y tá» Ä‘áº§y Ä‘á»§ , xe nhÃ  cháº¡y ká»¹ ğŸ‘‰ xem xe q12
ğŸ‘‰Bao tranh cháº¥p 
ğŸ‘‰ GiÃ¡ : 10tr500",Honda,Vision,2012,1500,ÄÃ£ sá»­ dá»¥ng,Tay ga,50 - 100 cc,Nháº­t Báº£n,Báº£o hÃ nh hÃ£ng,> 50 kg,https://xe.chotot.com/mua-ban-xe-may-quan-12-tp-ho-chi-minh/123475535.htm
7103,"Wave Alpha 2002 lá»‘c Ä‘en, mÃ¡y mÃ³c nguyÃªn zin",15.500.000 Ä‘,10.55 tr,12.38 tr,"XÃ£ PhÆ°á»›c Kiá»ƒn, Huyá»‡n NhÃ  BÃ¨, Tp Há»“ ChÃ­ Minh","Xe phá»¥ ná»¯ Ä‘i nÃªn ráº¥t kÄ©
MÃ¡y mÃ³c zin chÆ°a Ä‘á»¥ng cháº¡m 
xe cÃ²n ráº¥t Ä‘áº¹p 
Giáº¥y tá» bao tranh cháº¥p, cÃ³ lÃ m giáº¥y mua bÃ¡n vá»›i chá»§",Honda,Wave,2002,59000,ÄÃ£ sá»­ dá»¥ng,Xe sá»‘,100 - 175 cc,Nháº­t Báº£n,Báº£o hÃ nh hÃ£ng,> 50 kg,https://xe.chotot.com/mua-ban-xe-may-huyen-nha-be-tp-ho-chi-minh/124469805.htm
178,Xe win Ä‘á»™ tracker,7.500.000 Ä‘,3.4 tr,4 tr,"PhÆ°á»ng VÃµ Thá»‹ SÃ¡u, Quáº­n 3, Tp Há»“ ChÃ­ Minh","Xe má»›i Ä‘á»™ 1 nÄƒm, bill Ä‘Ã­nh kÃ¨m (Äi VÅ©ng tÃ u 1 láº§n). Giáº¥y tá» Ä‘áº§y Ä‘á»§o",Honda,Win,2000,1000,ÄÃ£ sá»­ dá»¥ng,Tay cÃ´n/Moto,50 - 100 cc,Äang cáº­p nháº­t,Báº£o hÃ nh hÃ£ng,> 50 kg,https://xe.chotot.com/mua-ban-xe-may-quan-3-tp-ho-chi-minh/123321480.htm
1980,âœ”ï¸ EXCITER 55P Dá»ŒN FOM 2010,22.500.000 Ä‘,13.86 tr,16.27 tr,"PhÆ°á»ng Tháº¡nh Lá»™c, Quáº­n 12, Tp Há»“ ChÃ­ Minh","EXCITER 135 Dá»ŒN FOM 2010

MÃY ZIN SIÃŠU ÃŠM

XE Dá»ŒN Má»šI SÆ N XI NGUYÃŠN CON",Yamaha,Exciter,2014,10000,ÄÃ£ sá»­ dá»¥ng,Xe sá»‘,100 - 175 cc,Nháº­t Báº£n,Báº£o hÃ nh hÃ£ng,> 50 kg,https://xe.chotot.com/mua-ban-xe-may-quan-12-tp-ho-chi-minh/124286243.htm
1719,Cáº§n nhÆ°á»ng láº¡i xe supe dream 110cc,25.000.000 Ä‘,10.08 tr,11.83 tr,"PhÆ°á»ng 4, Quáº­n 11, Tp Há»“ ChÃ­ Minh",Xe nhÃ  Ä‘i cÃ²n ráº¥t má»›i báº£o dÆ°á»¡ng hÃ ng thÃ¡ng Ä‘i nháº¹ tiáº¿t kiá»‡m xÄƒng.. Xe báº£n ká»· niá»‡m.. Má»›i thay vá» michelin xe Ä‘á»§ phá»¥ kiá»‡n 2 kiáº¿n 2 chÃ¬a..sang tÃªn 1 ná»‘t nháº¡c bs saigon,Honda,Dream,2016,19000,ÄÃ£ sá»­ dá»¥ng,Xe sá»‘,100 - 175 cc,ThÃ¡i Lan,Báº£o hÃ nh hÃ£ng,> 50 kg,https://xe.chotot.com/mua-ban-xe-may-quan-11-tp-ho-chi-minh/123697400.htm
133,Xe zin chÆ°a Ä‘á»¥ng cháº¡m,20.000.000 Ä‘,32.11 tr,37.7 tr,"PhÆ°á»ng Báº¿n NghÃ©, Quáº­n 1, Tp Há»“ ChÃ­ Minh",Cáº§n tiá»n bÃ¢n gáº¥p cÃ´ng chá»©ng sang tÃªn trong ngÃ y Æ°u tiÃªn ai gá»i trÆ°á»›c kh nháº­n tin nháº¯n,Honda,Vario,2021,10000,ÄÃ£ sá»­ dá»¥ng,Tay ga,100 - 175 cc,Viá»‡t Nam,Báº£o hÃ nh hÃ£ng,> 50 kg,https://xe.chotot.com/mua-ban-xe-may-quan-1-tp-ho-chi-minh/119019433.htm
4276,HONDA BLADE Má»šI,9.500.000 Ä‘,9.35 tr,10.98 tr,"PhÆ°á»ng 1, Quáº­n TÃ¢n BÃ¬nh, Tp Há»“ ChÃ­ Minh","DÆ° dÃ¹ng nÃªn thanh lÃ½ chiáº¿c xe Honda Blade nhÆ° hÃ¬nh, mua má»›i má»™t Ä‘á»i chá»§ 2018, xe cÃ²n má»›i odo má»›i cháº¡y hÆ¡n 35k km,chá»‰ Ä‘i chá»£ vÃ  chá»Ÿ con Ä‘i há»c nÃªn xe cÃ²n ráº¥t ok, má»›i báº£o dÆ°á»¡ng thay nhá»›t, mua vá» lÃ  cháº¡y thÃ´i, chÃ­nh chá»§ vÃ  chá»‰ bÃ¡n cho khÃ¡ch cÃ´ng chá»©ng sang tÃªn ngay nhÃ©, khÃ´ng bÃ¡n theo hÃ¬nh thá»©c á»§y quyá»n, xin má»i ACE á»§ng há»™",Honda,Blade,2018,35000,ÄÃ£ sá»­ dá»¥ng,Xe sá»‘,100 - 175 cc,Viá»‡t Nam,Báº£o hÃ nh hÃ£ng,> 50 kg,https://xe.chotot.com/mua-ban-xe-may-quan-tan-binh-tp-ho-chi-minh/124466119.htm
4752,Honda Lead Kiá»ƒng bstp cáº·p Ä‘áº¹p,36.500.000 Ä‘,24.11 tr,28.3 tr,"PhÆ°á»ng Hiá»‡p TÃ¢n, Quáº­n TÃ¢n PhÃº, Tp Há»“ ChÃ­ Minh","Xe nhÃ  sá»­ dá»¥ng cáº§n bÃ¡n láº¡i cho anh em Ä‘am mÃª dÃ²ng nÃ y

Xe biá»ƒn sá»‘ thÃ nh phá»‘ chÃ­nh chá»§ biá»ƒn sá»‘ cáº·p siÃªu Ä‘áº¹p 

Xe trÆ°á»›c mÃ¬nh dá»n kiá»ƒng up dÃ n Ã¡o lead 4val

Phuá»™c Ohlins Real cÃ²n full box 

CÃ¹m tÄƒng tá»‘c domino Real

Tay tháº¯ng TBT Real

YÃªn xe ná»‡m Kymdan bao Ãªm cho anh em Ä‘i xa

Full dÃ n chá»‘ng Ä‘á»©ng inox

Full á»‘c inox salaya

Xe Ä‘ang sá»­ dá»¥ng háº±ng ngÃ y mÃ¡y Ãªm nguyÃªn zin chÆ°a rá»›t Ä‘áº§u, Ä‘Ãºng odo zin

Anh em thiá»‡n chÃ­ alo mÃ¬nh, fix cf nhanh láº¹",Honda,Lead,2019,27000,ÄÃ£ sá»­ dá»¥ng,Tay ga,100 - 175 cc,Viá»‡t Nam,Báº£o hÃ nh hÃ£ng,> 50 kg,https://xe.chotot.com/mua-ban-xe-may-quan-tan-phu-tp-ho-chi-minh/123725740.htm
3241,xe MOTO 300cc-1000cc,80.000.000 Ä‘,26.85 tr,31.52 tr,"PhÆ°á»ng 26, Quáº­n BÃ¬nh Tháº¡nh, Tp Há»“ ChÃ­ Minh","TÃ¬m mua xe moto 300cc-1000cc Ä‘á»ƒ cháº¡y tráº£i nghiá»‡m
Hcm quÃ¡ tá»‘t ngÆ°á»i dÃ¹ng
Mua nhanh gá»n láº¹ giÃ¡ thÆ°Æ¡ng lÆ°á»£ng",Yamaha,DÃ²ng khÃ¡c,2019,10000,ÄÃ£ sá»­ dá»¥ng,Tay cÃ´n/Moto,TrÃªn 175 cc,Äang cáº­p nháº­t,Báº£o hÃ nh hÃ£ng,> 50 kg,https://xe.chotot.com/mua-ban-xe-may-quan-binh-thanh-tp-ho-chi-minh/124812052.htm
7035,DÆ° dÃ¹ng SH 150i - 2018,72.000.000 Ä‘,57.96 tr,68.03 tr,"XÃ£ BÃ  Äiá»ƒm, Huyá»‡n HÃ³c MÃ´n, Tp Há»“ ChÃ­ Minh","Xe nhÆ° hÃ¬nh - cáº¡t váº¹t chÃ­nh chá»§ - cÃ´ng chá»©ng sang tÃªn ngay
MÃ¡y chÆ°a Ä‘á»¥ng tá»›i - nguyÃªn zin Ä‘ang sá»­ dá»¥ng - khÃ´ng lá»•i nhá» - bao thá»£ tháº§y kiá»ƒm tra",Honda,SH,2018,38400,ÄÃ£ sá»­ dá»¥ng,Tay ga,100 - 175 cc,Viá»‡t Nam,Báº£o hÃ nh hÃ£ng,> 50 kg,https://xe.chotot.com/mua-ban-xe-may-huyen-hoc-mon-tp-ho-chi-minh/123204944.htm
497,"ÄÄƒng dÃ¹m Ã´ng anh táº¡i quáº­n 5, Sh 2018 cbs zin",65.000.000 Ä‘,58.13 tr,68.25 tr,"PhÆ°á»ng 5, Quáº­n 5, Tp Há»“ ChÃ­ Minh","Xe cbs, chÃ­nh chá»§ cÃ´ng chá»©ng hay uá»· quyá»n Ä‘á»u Ä‘Æ°á»£c
Xe bstp, mÃ¡y mÃ³c bao zin, mua bÃ¡n xem xe táº¡i nhÃ  chÃ­nh chá»§, xe cÃ²n thÆ°Æ¡ng lÆ°á»£ng nháº¹
LiÃªn há»‡:",Honda,SH,2018,50000,ÄÃ£ sá»­ dá»¥ng,Tay ga,100 - 175 cc,Nháº­t Báº£n,Báº£o hÃ nh hÃ£ng,> 50 kg,https://xe.chotot.com/mua-ban-xe-may-quan-5-tp-ho-chi-minh/123191519.htm
2856,cáº§n ra Ä‘i,17.000.000 Ä‘,15.17 tr,17.81 tr,"PhÆ°á»ng TÃ¢n Táº¡o, Quáº­n BÃ¬nh TÃ¢n, Tp Há»“ ChÃ­ Minh","Ex150 2015
DÃ n ngoÃ i nguyÃªn zin
MÃ¡y mÃ³c Ä‘áº§u chÆ°a rá»›t, ná»“i rá»›t báº£o dÆ°á»¡ng
Giáº¥y tá» chÃ­nh chá»§ uá»· quyá»n sang tÃªn Ä‘á»u Ä‘Æ°á»£c
CÃ³ há»— trá»£ cho ae sang tÃªn
GiÃ¡:17Ä‘ bá»›t lá»™c cho ae nhanh láº¹.",Yamaha,Exciter,2015,12345,ÄÃ£ sá»­ dá»¥ng,Tay cÃ´n/Moto,100 - 175 cc,Viá»‡t Nam,Báº£o hÃ nh hÃ£ng,> 50 kg,https://xe.chotot.com/mua-ban-xe-may-quan-binh-tan-tp-ho-chi-minh/123664925.htm
3363,Xe mÃ¡y Ãªm máº¡nh máº½ cáº§n bÃ¡n,3.500.000 Ä‘,6.48 tr,7.61 tr,"PhÆ°á»ng 14, Quáº­n BÃ¬nh Tháº¡nh, Tp Há»“ ChÃ­ Minh",Xe mÃ¡y Ãªm cá»±c ká»³ zin toÃ n bá»™ anh em mua hay trao Ä‘á»•i vá»›i nháº­u cÃ¹ng Ä‘Æ°á»£c hÃ£y gá»i Ä‘iá»‡n thoáº¡i cho chá»§ cáº§n Æ¡n cÃ¡c chÃ¡u,Yamaha,Sirius,2010,39700,ÄÃ£ sá»­ dá»¥ng,Xe sá»‘,100 - 175 cc,Viá»‡t Nam,Báº£o hÃ nh hÃ£ng,> 50 kg,https://xe.chotot.com/mua-ban-xe-may-quan-binh-thanh-tp-ho-chi-minh/123693554.htm
7172,Xe Wave Alpha 2004 dÃ n Ã¡o zin ThÃ¡i,11.000.000 Ä‘,11.52 tr,13.52 tr,"XÃ£ PhÆ°á»›c Kiá»ƒn, Huyá»‡n NhÃ  BÃ¨, Tp Há»“ ChÃ­ Minh","MÃ¡y mÃ³c tá»‘t , mua sá»­ dá»¥ng ngay 
xem xe táº¡i NhÃ  BÃ¨ TPHCM
Giáº¥y tá» cÃ´ng chá»©ng uá»· quyá»n",Honda,Wave,2004,11000,ÄÃ£ sá»­ dá»¥ng,Xe sá»‘,100 - 175 cc,Nháº­t Báº£n,Báº£o hÃ nh hÃ£ng,> 50 kg,https://xe.chotot.com/mua-ban-xe-may-huyen-nha-be-tp-ho-chi-minh/123488314.htm
6213,Winner siÃªu Ä‘áº¹p Biá»ƒn 72,11.800.000 Ä‘,13.75 tr,16.14 tr,"XÃ£ HÆ°ng Long, Huyá»‡n BÃ¬nh ChÃ¡nh, Tp Há»“ ChÃ­ Minh","Cáº§n bÃ¡n láº¡i winner dÃ n ngoÃ i nhÆ° hÃ¬nh siÃªu Ä‘áº¹p 
MÃ¡y mÃ³c zin chÆ°a rá»›t Ä‘áº§u Ãªm ru
Biá»ƒn sá»‘ 72 vá»§ng tÃ u cÃ³ giáº¥y bÃ¡n cá»­a hÃ ng bao tranh cháº¥p",Honda,Winner,2017,19000,ÄÃ£ sá»­ dá»¥ng,Tay cÃ´n/Moto,100 - 175 cc,Viá»‡t Nam,Báº£o hÃ nh hÃ£ng,> 50 kg,https://xe.chotot.com/mua-ban-xe-may-huyen-binh-chanh-tp-ho-chi-minh/123681842.htm
2183,PCX+Honda+2017+long chuot+moiQ.w,35.000.000 Ä‘,29.76 tr,34.94 tr,"PhÆ°á»ng Hiá»‡p ThÃ nh, Quáº­n 12, Tp Há»“ ChÃ­ Minh","Xuáº¥t sá»© Viá»‡t Nam má»›i 
háº¿t báº£o hÃ nh 
16/24 Ds3 p9 tphcm 
7Nam 
bao tri 6t láº§n 
giáº¥y tÃ¶ chÃ­nh chá»§",Honda,PCX,2017,48000,ÄÃ£ sá»­ dá»¥ng,Tay ga,100 - 175 cc,Viá»‡t Nam,Báº£o hÃ nh hÃ£ng,> 50 kg,https://xe.chotot.com/mua-ban-xe-may-quan-12-tp-ho-chi-minh/123649741.htm
1570,xe trÃ¹m má»n,32.000.000 Ä‘,29.9 tr,35.1 tr,"PhÆ°á»ng 4, Quáº­n 10, Tp Há»“ ChÃ­ Minh","xe trÃ¹m má»n .ko sá»­ dá»¥ng nÃªn bÃ¡n .
Ä‘k 2024 .
 1.200 km 
chÃ­nh chá»§ 
lh *** mr linh",Honda,Vision,2024,1200,ÄÃ£ sá»­ dá»¥ng,Tay ga,Äang cáº­p nháº­t,Báº£o hÃ nh hÃ£ng,Báº£o hÃ nh hÃ£ng,> 50 kg,https://xe.chotot.com/mua-ban-xe-may-quan-10-tp-ho-chi-minh/123352129.htm
4340,wave blade,8.000.000 Ä‘,9.83 tr,11.54 tr,"PhÆ°á»ng 13, Quáº­n TÃ¢n BÃ¬nh, Tp Há»“ ChÃ­ Minh","cáº§n bÃ¡n wave bláº£de khÃ´ng chÃ­nh chá»§, bao tranh cháº¥p, xe mÃ¡y mÃ³c zin Ãªm, dÃ n ngÃ²ai ok, giÃ¡ 8tr liÃªn há»‡ *** xem xe á»Ÿ tÃ¢n bÃ¬nh",Honda,Wave,2017,54000,ÄÃ£ sá»­ dá»¥ng,Xe sá»‘,100 - 175 cc,Nháº­t Báº£n,Báº£o hÃ nh hÃ£ng,> 50 kg,https://xe.chotot.com/mua-ban-xe-may-quan-tan-binh-tp-ho-chi-minh/123792319.htm
5507,xe trÃ¹m má»n cháº¡y Ãªm,8.000.000 Ä‘,6.84 tr,8.03 tr,"PhÆ°á»ng TÃ¢n PhÃº (Quáº­n 9 cÅ©), ThÃ nh phá»‘ Thá»§ Äá»©c, Tp Há»“ ChÃ­ Minh",Xe trÃ¹m má»n km Ä‘Ãºng .cavet há»£p lá»‡. KhÃ´ng chÃ­nh chá»§,Piaggio,Liberty,2012,46000,ÄÃ£ sá»­ dá»¥ng,Tay ga,100 - 175 cc,Viá»‡t Nam,Báº£o hÃ nh hÃ£ng,> 50 kg,https://xe.chotot.com/mua-ban-xe-may-thanh-pho-thu-duc-tp-ho-chi-minh/123683450.htm
2216,xe Ä‘ang Ä‘i cáº§n bÃ¡n gáº¥p,5.500.000 Ä‘,3.91 tr,4.59 tr,"PhÆ°á»ng TÃ¢n Thá»›i Hiá»‡p, Quáº­n 12, Tp Há»“ ChÃ­ Minh","xe wave nhá» trung quá»‘c xe Ä‘i Ãªm dÃ n Ã¡o má»›i tay chÃ¡o Ä‘Ã¨n 2 táº§ng,lÃªn Ä‘c Ã­t Ã­t Ä‘á»“ chÆ¡i",HÃ£ng khÃ¡c,DÃ²ng khÃ¡c,2011,1000,ÄÃ£ sá»­ dá»¥ng,Xe sá»‘,50 - 100 cc,Trung Quá»‘c,Báº£o hÃ nh hÃ£ng,> 50 kg,https://xe.chotot.com/mua-ban-xe-may-quan-12-tp-ho-chi-minh/123583306.htm
5213,Exciter 155 vva,35.000.000 Ä‘,26.16 tr,30.71 tr,"PhÆ°á»ng Linh XuÃ¢n (Quáº­n Thá»§ Äá»©c cÅ©), ThÃ nh phá»‘ Thá»§ Äá»©c, Tp Há»“ ChÃ­ Minh","Xe 9 chá»§, biá»ƒn tá»‰nh, lÃªn vÃ i mÃ³n Ä‘á»“ chÆ¡i. GiÃ¡ cÃ²n thÆ°Æ¡ng lÆ°á»£ng. Ae thiá»‡n chÃ­ alo sá»‘ ***. Hoáº·c nháº¯n zaloo cÅ©ng Ä‘c.",Yamaha,Exciter,2021,60000,ÄÃ£ sá»­ dá»¥ng,Tay cÃ´n/Moto,100 - 175 cc,Nháº­t Báº£n,Báº£o hÃ nh hÃ£ng,> 50 kg,https://xe.chotot.com/mua-ban-xe-may-thanh-pho-thu-duc-tp-ho-chi-minh/124561381.htm
757,cáº§n bÃ¡n dream super,21.000.000 Ä‘,10.08 tr,11.83 tr,"PhÆ°á»ng TÃ¢n Thuáº­n ÄÃ´ng, Quáº­n 7, Tp Há»“ ChÃ­ Minh","Dream Super 2016 uy quyÃ¨n láº§n 1
giao dá»‹ch quáº­n 7",Honda,Dream,2016,45000,ÄÃ£ sá»­ dá»¥ng,Xe sá»‘,100 - 175 cc,Viá»‡t Nam,Báº£o hÃ nh hÃ£ng,> 50 kg,https://xe.chotot.com/mua-ban-xe-may-quan-7-tp-ho-chi-minh/124767339.htm
2023,CB400 Super Four Cafe,76.000.000 Ä‘,303.6 tr,356.4 tr,"PhÆ°á»ng ÄÃ´ng HÆ°ng Thuáº­n, Quáº­n 12, Tp Há»“ ChÃ­ Minh","MÃ¬nh cáº§n bÃ¡n Cb400 vtec3.
MÃ¡y mÃ³c Ãªm zin, má»i chá»©c nÄƒng cÃ²n hoáº¡t Ä‘á»™ng tá»‘t.
Giáº¥y tá» ca thanh lÃ½ 1 chá»—, biá»ƒn Ninh Thuáº­n, Ä‘i há»£p phÃ¡p toÃ n quá»‘c.
Xe Ä‘á»™ tÃ¢m huyáº¿t, Ä‘Ã£ gáº¯n bÃ³ vá»›i mÃ¬nh khÃ¡ lÃ¢u.
GiÃ¡ 7x
Xem xe táº¡i Nguyá»…n VÄƒn QuÃ¡, Q12, TPHCM
LH: ***",Honda,CB,2006,25000,ÄÃ£ sá»­ dá»¥ng,Tay cÃ´n/Moto,TrÃªn 175 cc,Äang cáº­p nháº­t,Báº£o hÃ nh hÃ£ng,> 50 kg,https://xe.chotot.com/mua-ban-xe-may-quan-12-tp-ho-chi-minh/123992271.htm
1043,Jupiter 2013 xe zin cÃ³ CCCd chá»§ xe cÅ©,10.200.000 Ä‘,7.7 tr,9.04 tr,"PhÆ°á»ng BÃ¬nh Thuáº­n, Quáº­n 7, Tp Há»“ ChÃ­ Minh","DÆ° dÃ¹ng bÃ¡n láº¡i
Xe má»›i thay vá» sau
MÃ¡y mÃ³c zin
ÃŠm ru
Xe cÃ³ phun xÄƒng Ä‘iá»‡n tá»­ nÃªn tiáº¿t kiá»‡m láº¯m
MÃ¡y mÃ³c zin Ãªm cháº¡y thoáº£i mÃ¡i
Xe cÃ³ Cavet vÃ  CCCd chá»§ xe nÃªn yÃªn tÃ¢m nguá»“n gá»‘c áº¡
BÃ¡n táº¡i nhÃ  viáº¿t giáº¥y tay bao tranh cháº¥p nguá»“n gá»‘c",Yamaha,Jupiter,2013,500000,ÄÃ£ sá»­ dá»¥ng,Xe sá»‘,100 - 175 cc,Viá»‡t Nam,Báº£o hÃ nh hÃ£ng,> 50 kg,https://xe.chotot.com/mua-ban-xe-may-quan-7-tp-ho-chi-minh/123267938.htm
1222,Xe Satria 206 id85 xe chÃ¹m má»m má»›i y hÃ¬nh,219.000.000 Ä‘,251.13 tr,294.81 tr,"PhÆ°á»ng 15, Quáº­n 8, Tp Há»“ ChÃ­ Minh","Xe Satria 206 id85.mÃ¬nh Ä‘ang Ä‘á»©ng tÃªn sang tÃªn toÃ n quá»‘c
Xe má»›i mÃ¡y Ãªm",Suzuki,Satria,2006,44000,ÄÃ£ sá»­ dá»¥ng,Tay cÃ´n/Moto,100 - 175 cc,NÆ°á»›c khÃ¡c,Báº£o hÃ nh hÃ£ng,> 50 kg,https://xe.chotot.com/mua-ban-xe-may-quan-8-tp-ho-chi-minh/124017377.htm
7162,cáº§n bÃ¡n vario 150 giÃ¡ 25 triá»‡u,25.000.000 Ä‘,41.35 tr,48.54 tr,"XÃ£ Hiá»‡p PhÆ°á»›c, Huyá»‡n NhÃ  BÃ¨, Tp Há»“ ChÃ­ Minh","Xe chinh chá»§ ngoáº¡i hÃ¬nh xáº¥u 
Äá»i 2018 
Cáº§n bÃ¡n hoáº¡t giao lÆ°u sh mode
Lh xem xe ***",Honda,Vario,2018,800000,ÄÃ£ sá»­ dá»¥ng,Tay ga,100 - 175 cc,áº¤n Äá»™,Báº£o hÃ nh hÃ£ng,> 50 kg,https://xe.chotot.com/mua-ban-xe-may-huyen-nha-be-tp-ho-chi-minh/123551529.htm
4255,em cáº§n bÃ¡n gáº¥p,143.333.333 Ä‘,133.06 tr,156.2 tr,"PhÆ°á»ng 8, Quáº­n TÃ¢n BÃ¬nh, Tp Há»“ ChÃ­ Minh",Xe nhÆ° hÃ¬nh mÃ¡y mÃ³c nguyÃªn zin bstp sang tÃªn 1 phÃºt 1,Kawasaki,Z1000,2014,250000,ÄÃ£ sá»­ dá»¥ng,Tay cÃ´n/Moto,TrÃªn 175 cc,Nháº­t Báº£n,Báº£o hÃ nh hÃ£ng,> 50 kg,https://xe.chotot.com/mua-ban-xe-may-quan-tan-binh-tp-ho-chi-minh/124882404.htm
1058,xe ga espero 50vs diamond pro 2,18.500.000 Ä‘,12.56 tr,14.75 tr,"PhÆ°á»ng TÃ¢n HÆ°ng, Quáº­n 7, Tp Há»“ ChÃ­ Minh",Xe má»›i mua do nhu cáº§u Ä‘á»•i xe Ä‘iá»‡n cháº¡y nÃªn bÃ¡n láº¡i.GiÃ¡ cÃ³ thá»ƒ thÆ°Æ¡ng lÆ°á»£ng cho ai thiá»‡n chÃ­ mua,HÃ£ng khÃ¡c,DÃ²ng khÃ¡c,2024,40,ÄÃ£ sá»­ dá»¥ng,Tay ga,DÆ°á»›i 50 cc,Viá»‡t Nam,Báº£o hÃ nh hÃ£ng,> 50 kg,https://xe.chotot.com/mua-ban-xe-may-quan-7-tp-ho-chi-minh/123220804.htm
3394,cáº§n bÃ¡n fz lá»‘c vÃ ng bssg zin cháº¥t,16.800.000 Ä‘,18.07 tr,21.22 tr,"PhÆ°á»ng 27, Quáº­n BÃ¬nh Tháº¡nh, Tp Há»“ ChÃ­ Minh","Xe cá»p keng báº£o dÆ°á»¡ng Ä‘áº§y Ä‘á»§ mÃ¡y cá»±c Ãªm
GiÃ¡ 16â‚«8 cÃ³ thÆ°Æ¡ng lÆ°á»£ng cho ae thiá»‡n tÃ­ tá»›i coi trá»±c tiáº¿p BÃ¬nh Tháº¡nh HCM
Ko chÃ­nh chá»§ bao tc giao cv gá»‘c",Yamaha,FZ,2017,40000,ÄÃ£ sá»­ dá»¥ng,Tay cÃ´n/Moto,100 - 175 cc,Nháº­t Báº£n,Báº£o hÃ nh hÃ£ng,> 50 kg,https://xe.chotot.com/mua-ban-xe-may-quan-binh-thanh-tp-ho-chi-minh/123644992.htm
4035,BÃ¡n xe cup cÃ³ Ä‘á»,9.000.000 Ä‘,3.35 tr,3.93 tr,"PhÆ°á»ng 7, Quáº­n GÃ² Váº¥p, Tp Há»“ ChÃ­ Minh","Xe cup nhÆ° hÃ¬nh, giáº¥y tá» Ä‘áº§y Ä‘á»§ , kg chÃ­nh chá»§, cho há»c sinh Ä‘i há»c,, giÃ¡ 9 tr , liÃªn há»‡ ***",HÃ£ng khÃ¡c,DÃ²ng khÃ¡c,2009,50000,ÄÃ£ sá»­ dá»¥ng,Xe sá»‘,DÆ°á»›i 50 cc,Nháº­t Báº£n,Báº£o hÃ nh hÃ£ng,> 50 kg,https://xe.chotot.com/mua-ban-xe-may-quan-go-vap-tp-ho-chi-minh/123217944.htm
1478,Can ban xe sh 150,45.000.000 Ä‘,44.98 tr,52.8 tr,"PhÆ°á»ng 14, Quáº­n 10, Tp Há»“ ChÃ­ Minh",Cáº§n bÃ¡n xe sh 150 xe mua má»›i 1 chá»§ tá»« Ä‘áº§u cÃ²n zin tá»« a Ä‘áº¿n z giÃ¡ cÃ²n thÆ°Æ¡ng lÆ°á»£ng,Honda,SH,2013,50000,ÄÃ£ sá»­ dá»¥ng,Tay ga,100 - 175 cc,Viá»‡t Nam,Báº£o hÃ nh hÃ£ng,> 50 kg,https://xe.chotot.com/mua-ban-xe-may-quan-10-tp-ho-chi-minh/124195009.htm
3615,cáº§n bÃ¡n wave thÃ¡i 110 bstp,26.000.000 Ä‘,22.73 tr,26.69 tr,"PhÆ°á»ng 8, Quáº­n GÃ² Váº¥p, Tp Há»“ ChÃ­ Minh","Wave thÃ¡i 110 bstp , sá»‘ khung sá»‘ mÃ¡y trÃ¹ng nhau , ngay mÃ¬nh Ä‘á»©ng tÃªn cÃ´ng chá»©ng mua bÃ¡n uá»· quyá»n Ä‘á»u Ä‘c
dÃ n Ã¡o dÃ¡n keo ko trÃ y , dá»n full zin",Honda,Wave,1999,0,ÄÃ£ sá»­ dá»¥ng,Xe sá»‘,100 - 175 cc,ThÃ¡i Lan,Báº£o hÃ nh hÃ£ng,> 50 kg,https://xe.chotot.com/mua-ban-xe-may-quan-go-vap-tp-ho-chi-minh/124825297.htm
5609,Vespa Lx 125i Date 2010 Tráº¯ng Äen,6.000.000 Ä‘,5.28 tr,6.2 tr,"PhÆ°á»ng Linh Chiá»ƒu (Quáº­n Thá»§ Äá»©c cÅ©), ThÃ nh phá»‘ Thá»§ Äá»©c, Tp Há»“ ChÃ­ Minh","Vespa Lx 125i Date 2010 Tráº¯ng Äen
ÄÄƒng kÃ­ 2010
Biá»ƒn sá»‘ : 70S2 0491",Piaggio,Vespa,2010,29113,ÄÃ£ sá»­ dá»¥ng,Tay ga,100 - 175 cc,Viá»‡t Nam,Báº£o hÃ nh hÃ£ng,> 50 kg,https://xe.chotot.com/mua-ban-xe-may-thanh-pho-thu-duc-tp-ho-chi-minh/123580063.htm
6435,Cáº§n bÃ¡n satria 2019 bstp chÃ­nh chá»§,29.500.000 Ä‘,20.16 tr,23.67 tr,"XÃ£ BÃ¬nh HÆ°ng, Huyá»‡n BÃ¬nh ChÃ¡nh, Tp Há»“ ChÃ­ Minh",Satria 2019 bstp chÃ­nh chá»§ . MÃ¡y mÃ³c nguyÃªn zin odo 9k . Xe Ã­t cháº¡y chá»§ yáº¿u Ä‘i cafe . Ai cáº§n liÃªn há»‡ em,Suzuki,Satria,2019,9000,ÄÃ£ sá»­ dá»¥ng,Tay cÃ´n/Moto,100 - 175 cc,NÆ°á»›c khÃ¡c,Báº£o hÃ nh hÃ£ng,> 50 kg,https://xe.chotot.com/mua-ban-xe-may-huyen-binh-chanh-tp-ho-chi-minh/123221434.htm
6376,BÃ¡n wave s100 bstp gtdd xe má»™c chÆ°a dáº·m tÃºt,9.300.000 Ä‘,6.77 tr,7.94 tr,"XÃ£ Phong PhÃº, Huyá»‡n BÃ¬nh ChÃ¡nh, Tp Há»“ ChÃ­ Minh","BÃ¡n wave S100 bstp gtdd xe zin khÃ´ng lai gÃ¬, mÃ¡y rá»›t Ä‘áº§u cáº¡o khÃ³i, bao Ãªm nhÆ° chÃ³ cháº¿t, tiá»n nÃ o cá»§a náº¥y",Honda,Wave,2008,20000,ÄÃ£ sá»­ dá»¥ng,Xe sá»‘,100 - 175 cc,Nháº­t Báº£n,Báº£o hÃ nh hÃ£ng,> 50 kg,https://xe.chotot.com/mua-ban-xe-may-huyen-binh-chanh-tp-ho-chi-minh/123384600.htm
231,cáº§n bÃ¡n ex 150 Ä‘á»i led,25.500.000 Ä‘,22.36 tr,26.25 tr,"PhÆ°á»ng 11, Quáº­n 3, Tp Há»“ ChÃ­ Minh","Xe zin dá»n kiá»ƒng nháº¹ 
Biá»ƒn sá»‘ tphcm chÃ­nh chá»§ 
CÃ² lÃ¡i nÃ© em !!",Yamaha,Exciter,2020,36000,ÄÃ£ sá»­ dá»¥ng,Tay cÃ´n/Moto,100 - 175 cc,Viá»‡t Nam,Báº£o hÃ nh hÃ£ng,> 50 kg,https://xe.chotot.com/mua-ban-xe-may-quan-3-tp-ho-chi-minh/123463062.htm
1039,YAMAHA ULTIMO Fi 207,4.567.800 Ä‘,1.93 tr,2.26 tr,"PhÆ°á»ng TÃ¢n Kiá»ƒng, Quáº­n 7, Tp Há»“ ChÃ­ Minh","Dá»n kho cÃ²n cÃ²n dÆ° 1 xe yamaha ULTIMO Fi Ä‘á»i 207, giáº¥y tá» Ä‘áº§y Ä‘á»§, xe Ä‘á»ƒ lÃ¢u ngÃ y cÃ²n nguyÃªn bá»¥i. MÃ¡y Ä‘á»ƒ 2 nÄƒm chÆ°a khá»Ÿi Ä‘á»™ng, bÃ³ phanh trÆ°á»›c, lá»‘p háº¿t hÆ¡i, ace thiá»‡n chÃ­ qua xem xe táº¡i 245 tráº§n xuÃ¢n soáº¡n, phÆ°á»ng tÃ¢n kiá»‡m, quáº­n 7.",Yamaha,DÃ²ng khÃ¡c,2007,12345,ÄÃ£ sá»­ dá»¥ng,Tay ga,100 - 175 cc,NÆ°á»›c khÃ¡c,Báº£o hÃ nh hÃ£ng,> 50 kg,https://xe.chotot.com/mua-ban-xe-may-quan-7-tp-ho-chi-minh/123274068.htm
5690,Xe lead 2012,9.900.000 Ä‘,7.87 tr,9.24 tr,"PhÆ°á»ng BÃ¬nh TrÆ°ng TÃ¢y (Quáº­n 2 cÅ©), ThÃ nh phá»‘ Thá»§ Äá»©c, Tp Há»“ ChÃ­ Minh","Xe biá»ƒn thÃ nh phá»‘
MÃ u vÃ ng Ä‘á»“ng
Chá»‰nh chá»§ quáº­n 2
Odo : 90.000 km
Xe Ä‘i giá»¯ ká»¹
Xe bÃ¡n cÃ´ng chá»©ng mua bÃ¡n sang tÃªn luÃ´n nhÃ© cÃ¡c anh chá»‹
Anh/ chá»‹/ em nÃ o cÃ³ nhu cáº§u liÃªn há»‡ mÃ¬nh áº¡",Honda,Lead,2012,900000,ÄÃ£ sá»­ dá»¥ng,Tay ga,100 - 175 cc,Viá»‡t Nam,Báº£o hÃ nh hÃ£ng,> 50 kg,https://xe.chotot.com/mua-ban-xe-may-thanh-pho-thu-duc-tp-ho-chi-minh/123497056.htm
6001,Cáº§n bÃ¡n xe Atila vÃ ng,4.500.000 Ä‘,3.11 tr,3.65 tr,"PhÆ°á»ng Linh Chiá»ƒu (Quáº­n Thá»§ Äá»©c cÅ©), ThÃ nh phá»‘ Thá»§ Äá»©c, Tp Há»“ ChÃ­ Minh","Cáº§n bÃ¡n xe ga Atila chÃ­nh chá»§, do khÃ´ng cÃ³ nhu cáº§u sá»­ dá»¥ng, Biá»ƒn tá»‰nh Nghá»‡ An, mÃ u vÃ ng. TÃ­nh tráº¡ng Ä‘i tá»‘t. PhÃ¹ há»£p cho nam ná»¯
LiÃªn há»‡:Miss Nguyá»‡t 
***",SYM,Attila,2010,100000,ÄÃ£ sá»­ dá»¥ng,Tay ga,100 - 175 cc,Nháº­t Báº£n,Báº£o hÃ nh hÃ£ng,> 50 kg,https://xe.chotot.com/mua-ban-xe-may-thanh-pho-thu-duc-tp-ho-chi-minh/122209462.htm
2111,xe Wave A 2019 Má»›i Lá»™t Keo,12.000.000 Ä‘,11.68 tr,13.71 tr,"PhÆ°á»ng Trung Má»¹ TÃ¢y, Quáº­n 12, Tp Há»“ ChÃ­ Minh","Cáº§n ra Ä‘i em nÃ³ tÃ¬nh tráº¡ng mÃ¡y Ãªm ru
Äáº§u chÆ°a nháº¥c
DÃ n Ã¡o Ä‘áº¹p 99 má»›i thÃ¡o keo
Biá»ƒn sá»‘ tÃ¬nh 
CÃ³ cÃ  váº¹t gá»‘c bÃ¡n cá»­a hÃ ng bao tranh cháº¥p",Honda,Wave,2019,35000,ÄÃ£ sá»­ dá»¥ng,Xe sá»‘,100 - 175 cc,Viá»‡t Nam,Báº£o hÃ nh hÃ£ng,> 50 kg,https://xe.chotot.com/mua-ban-xe-may-quan-12-tp-ho-chi-minh/123752259.htm
2583,BÃ¡n Sym star 125 sr tay cÃ´n,11.000.000 Ä‘,5.28 tr,6.2 tr,"PhÆ°á»ng BÃ¬nh HÆ°ng HÃ²a, Quáº­n BÃ¬nh TÃ¢n, Tp Há»“ ChÃ­ Minh",Xe nguyÃªn zin. MÃ¡y cá»±c Ãªm xÄƒng 65km/l. ChÃ­nh chá»§ cÃ´ng chá»©ng ngay. Xe khÃ´ng cáº¥n bá»ƒ. Liá»n láº¡c háº¿t. Lá»›n tuá»•i khÃ´ng Ä‘i tay cÃ´n nÃªn n bÃ¡n.,SYM,Star,2017,80000,ÄÃ£ sá»­ dá»¥ng,Tay cÃ´n/Moto,100 - 175 cc,ÄÃ i Loan,Báº£o hÃ nh hÃ£ng,> 50 kg,https://xe.chotot.com/mua-ban-xe-may-quan-binh-tan-tp-ho-chi-minh/124922449.htm
6280,BÃ¡n wave nhá»,6.500.000 Ä‘,7.1 tr,8.34 tr,"XÃ£ VÄ©nh Lá»™c B, Huyá»‡n BÃ¬nh ChÃ¡nh, Tp Há»“ ChÃ­ Minh","ğŸ†˜Em cáº§n bÃ¡n wave LiÃªn doanh GTDD Ãºp full anlpha Ä‘á»“ zin hÃ£ng, cÃ³ cÅ© vÃ  tráº§y theo thá»i gian 
ğŸ“ŒCáº¥u hÃ¬nh mÃ¡y 54 dÃªn fu (chá»Ÿ thuá»‘c....)
Full cá»¥c anlpha
Mobin sÆ°á»ng moric
Ic Ä‘á»™ 
Äáº¡p má»™t cÃ¡i lÃ  ná»•
BÃ¬nh xÄƒng con ex 2010 chÃ­nh hÃ£ng ( 2 cá»§ hÆ¡n)
Ä‘Ã£ canh chá»‰nh ngá»t xe.
PÃ´ VD 168 mÃ³c theo bÃ i
Xe Ä‘Ã£ lÃªn sáº¡c lá»›n 
ğŸ“ŒDÃ n Ã¡o zin anlpha hÆ¡i xÃ¹ theo thá»i gian 
ChoÃ¡ 2 táº§ng (Ä‘Ã£ lÃªn sáº¡c lá»›n)
Heo trÆ°á»›c, tay tháº¯ng ex 135 
Phuá»™c trÆ°á»›c sirius 
BÃ¡nh cÄƒm trÆ°á»›c sau
Niá»ng shark speed Thailand (900k)
CÄƒm Osaki chÃ­nh hÃ£ng ( 800k)
Phuá»™c sau Yss chÃ­nh hÃ£ng (900 máº¥y)
Äá»“ng há»“ zin anlpha
NhÃ´ng sÃªn dÄ©a STB chÃ­nh hÃ£ng 
ÄÃ¨n háº­u zin anlpha 
CÃ¹m cÃ´ng táº¯c zin
Vá» sau maxxis 80/90/17
Vá» trÆ°á»›c 2.50/ 17
GiÃ¡ em bÃ¡n 6tr7 ( cÃ³ bá»›t)
Ai cáº§n ib em áº¡
Em cáº£m Æ¡nâ™¥ï¸â™¥ï¸
Ä/C Cá»•ng ÄÃ¬nh VÄ©nh Lá»™c B.",Honda,Wave,2006,90000,ÄÃ£ sá»­ dá»¥ng,Xe sá»‘,100 - 175 cc,Trung Quá»‘c,Báº£o hÃ nh hÃ£ng,> 50 kg,https://xe.chotot.com/mua-ban-xe-may-huyen-binh-chanh-tp-ho-chi-minh/123641627.htm
4575,"XS155R, bs saigon, dk T11.2024",71.000.000 Ä‘,62.96 tr,73.91 tr,"PhÆ°á»ng PhÃº Thá» HÃ²a, Quáº­n TÃ¢n PhÃº, Tp Há»“ ChÃ­ Minh","XS155R, bs saigon, dk T11.2024
Odo 800km
Máº» 1 pháº§n tay cÃ´n bÃªn trÃ¡i do dáº¯t xe trÃºng cá»­a.
GiÃ¡ xe má»›i ra biá»ƒn saigon lÃ  84tr, nÃªn a/c mua xe nÃ y thÃ¬ tiáº¿t kiá»‡m hÆ¡n 10tr

GiÃ¡ bÃ¡n: 71tr",Yamaha,XSR,2024,800,ÄÃ£ sá»­ dá»¥ng,Tay cÃ´n/Moto,100 - 175 cc,Äang cáº­p nháº­t,Báº£o hÃ nh hÃ£ng,> 50 kg,https://xe.chotot.com/mua-ban-xe-may-quan-tan-phu-tp-ho-chi-minh/123572312.htm
2577,Honda SH 125i 125 chÃ­nh chá»§ Ä‘áº§u tiÃªn bstp TPHCM,40.500.000 Ä‘,36.71 tr,43.09 tr,"PhÆ°á»ng BÃ¬nh HÆ°ng HoÃ  A, Quáº­n BÃ¬nh TÃ¢n, Tp Há»“ ChÃ­ Minh","Em cÃ³ chiáº¿c Honda SH 125i 2014 mÃ u tráº¯ng ngá»c trai 125cc, KhoÃ¡ thÃ´ng minh Ä‘iá»‡n tá»­ tá»« xa, Phun xÄƒng Ä‘iá»‡n tá»­ PGM-FI, Idling stop (Táº¯t Ä‘á»™ng cÆ¡ khi dá»«ng 5 giÃ¢y), xe má»›i 98%. Biá»ƒn sá»‘ TP HCM. CÃ¡ nhÃ¢n em test lÃ  2.18L/100km ~ 46km/lÃ­t

1 chá»§ tá»« Ä‘áº§u luÃ´n + giáº¥y tá» Ä‘áº§y Ä‘á»§. Äiá»u quan trá»ng lÃ  chÃ­nh chá»§ lÃ  em mua xe láº§n Ä‘áº§u, em cam káº¿t Ä‘Æ°á»£c chuyá»‡n nÃ y + vá»‡ sinh ná»“i thay nhá»›t Ä‘Ã ng hoÃ ng. Em Ä‘i Ä‘á»• nhá»›t Motul tá»•ng há»£p toÃ n pháº§n cá»© 2 ngÃ n cÃ¢y lÃ  e thay nhá»›t. Tá»« lÃºc tá»›i giá» cháº¡y khÃ´ng hÆ° há»ng gÃ¬ ngoÃ i viá»‡c bá»ƒ bÃ¡nh xe cÃ¡n Ä‘inh thÃ´i ğŸ˜‚

Em khÃ´ng bÃ¡n cho lÃ¡i buÃ´n, mong cÃ¡c a/c lÃ¡i thÃ´ng cáº£m. 
Má»©c mong muá»‘n: Bá»‘n chá»¥c cá»§ rÆ°á»¡i áº¡
Náº¿u anh chá»‹ cÃ¡ nhÃ¢n nÃ o muá»‘n mua thiá»‡t tÃ¬nh vÃ  vui váº» thÃ¬ em sáº½ thÆ°Æ¡ng lÆ°á»£ng gia giáº£m tÃ½ lá»™c. Em cÃ¡m Æ¡n táº¥t cáº£ a/c xem tin.",Honda,SH,2014,0,ÄÃ£ sá»­ dá»¥ng,Tay ga,100 - 175 cc,Viá»‡t Nam,Báº£o hÃ nh hÃ£ng,> 50 kg,https://xe.chotot.com/mua-ban-xe-may-quan-binh-tan-tp-ho-chi-minh/124951457.htm
1373,Winer v1 bstp MÃ¡y Ãªm chÆ°a rá»›t,14.500.000 Ä‘,13.96 tr,16.39 tr,"PhÆ°á»ng 1, Quáº­n 8, Tp Há»“ ChÃ­ Minh","Xe Bstp chÃ­nh chá»§ kÃ­ khÃ³ bÃ¡n btc cho ae( giao full giáº¥y chá»©ng cmnd chá»§) MÃ¡y pxl bao tÃª tÃ¡i. Cháº¥t xe Ä‘áº¹p,Ão Ä‘áº¹p keng, ko tráº§y bao Ä‘áº¹p, MÃ¡y mÃ³c Ãªm lá»±c( chÆ°a rá»›t Ä‘áº§u).PÃ´ redleo cá»• tÄƒng,Ecu redleo, há»ng ga zin mÃ³c, pÃ´ e K&, Cáº·p MÃ¢m 6 cÃ¢y redleo,DÃ n chÃ¢n sÆ¡n zin sáº¡ch sáº½, á»‘c tÃ¡n salaya full xe,Äiá»‡n Ä‘á» Ä‘Ã¨n Ä‘áº§y Ä‘á»§. Ae mua vá» chá»‰ cÃ³ viá»‡c sá»­ dá»¥ng. Cáº£m Æ¡n chá»£ tá»‘t duyá»‡t tin",Honda,Winner,2016,32000,ÄÃ£ sá»­ dá»¥ng,Tay cÃ´n/Moto,100 - 175 cc,Viá»‡t Nam,Báº£o hÃ nh hÃ£ng,> 50 kg,https://xe.chotot.com/mua-ban-xe-may-quan-8-tp-ho-chi-minh/123246185.htm
5460,cáº§n bÃ¡n novo5 cá»±c kÃ¬ Ä‘áº¹p mÃ¡y bao ngon,6.900.000 Ä‘,7.62 tr,8.94 tr,"PhÆ°á»ng Linh XuÃ¢n (Quáº­n Thá»§ Äá»©c cÅ©), ThÃ nh phá»‘ Thá»§ Äá»©c, Tp Há»“ ChÃ­ Minh","Cáº§n bÃ¡n novo5 mÃ¡y bao ngon ngá»t Ã¡o cá»±c kÃ¬ Ä‘áº¹p mÃ¡y mÃ³c zin Ãªm ru ná»“i lÃ¡p k hÃº zin 100%
 Giáº¥y tá» Ä‘áº§y Ä‘á»§ k9c xe há»£p lá»‡ cÃ³ giáº¥y mua bÃ¡n táº¡i nhÃ  chuáº©n chá»‰nh xe vá» cháº¡y khÃ´ng tá»‘n thÃªm ngÃ n nÃ o háº¿t 
Aec cáº§n alo em cÃ³ ship khu vá»±c tphcm (cÃ³ cá»c lÃ  ship sá»£ lá»«a Ä‘áº£o coi xe trá»±c tiáº¿p )
CÃ³ bá»›t tiá»n xÄƒng cá»™ áº¡",Yamaha,Nouvo,2015,123456,ÄÃ£ sá»­ dá»¥ng,Tay ga,100 - 175 cc,Viá»‡t Nam,Báº£o hÃ nh hÃ£ng,> 50 kg,https://xe.chotot.com/mua-ban-xe-may-thanh-pho-thu-duc-tp-ho-chi-minh/123755382.htm
2407,Winner X 2019,16.000.000 Ä‘,16.51 tr,19.38 tr,"PhÆ°á»ng TÃ¢n ChÃ¡nh Hiá»‡p, Quáº­n 12, Tp Há»“ ChÃ­ Minh","MÃ¬nh bÃ¡n Winner X giÃ¡ 16tr. Bá»›t tiá»n xÄƒng cho ai thiá»‡n chÃ­ mua. Xe mua bÃ¡n cÃ³ giáº¥y cá»­a hÃ ng bao tranh cháº¥p. Xe mÃ¡y zin, cÃ³ smartkey chá»‘ng trá»™m Ä‘áº§y Ä‘á»§.
Xem xe TÃ´ KÃ½ quáº­n 12.",Honda,Winner X,2019,75000,ÄÃ£ sá»­ dá»¥ng,Tay cÃ´n/Moto,100 - 175 cc,Nháº­t Báº£n,Báº£o hÃ nh hÃ£ng,> 50 kg,https://xe.chotot.com/mua-ban-xe-may-quan-12-tp-ho-chi-minh/123263427.htm
4428,BÃ¡n xe Exciter 155 VVA khÃ³a Smartkey 2022,35.000.000 Ä‘,28.79 tr,33.8 tr,"PhÆ°á»ng 15, Quáº­n TÃ¢n BÃ¬nh, Tp Há»“ ChÃ­ Minh","DÆ° dÃ¹ng cáº§n bÃ¡n Exciter 155VVA 2022. ODO 16.000. Xe cháº¡y ká»¹ báº£o trÃ¬ Ä‘áº§y Ä‘á»§. ChÃ­nh chá»§ sang tÃªn 1 ná»‘t nháº¡c. GiÃ¡ 35tr. Xem xe TÃ¢n BÃ¬nh, háº¹n trÆ°á»›c. Cáº§n ngÆ°á»i mua sá»­ dá»¥ng, cÃ² lÃ¡i Ã©p giÃ¡ xin nÃ© giÃ¹m em!",Yamaha,Exciter,2022,16000,ÄÃ£ sá»­ dá»¥ng,Tay cÃ´n/Moto,100 - 175 cc,Äang cáº­p nháº­t,Báº£o hÃ nh hÃ£ng,> 50 kg,https://xe.chotot.com/mua-ban-xe-may-quan-tan-binh-tp-ho-chi-minh/123508851.htm
5785,"Xe vario 2019 chÃ­nh chá»§, 1 Ä‘á»i chá»§",34.500.000 Ä‘,30.2 tr,35.45 tr,"PhÆ°á»ng Hiá»‡p BÃ¬nh PhÆ°á»›c (Quáº­n Thá»§ Äá»©c cÅ©), ThÃ nh phá»‘ Thá»§ Äá»©c, Tp Há»“ ChÃ­ Minh","Cáº§n bÃ¡n xe vario 2019 odo29k
Xe chÃ­nh chá»§, 1Ä‘á»i chá»§
Xe nhÃ  Ä‘i ráº¥t kÄ© mÃ¡y nguyÃªn zin cÃ²n Ãªm ru vá» Ä‘á»• xÄƒng lÃ  Ä‘i thoáº£i mÃ¡i, ae test xe thoáº£i mÃ¡i
GiÃ¡ cÃ²n thÆ°Æ¡ng lÆ°á»£ng cho ae cÃ³ thiá»‡n chÃ­
Ae lh sÄ‘t nÃ y nha: ***",Honda,Vario,2019,29000,ÄÃ£ sá»­ dá»¥ng,Tay ga,100 - 175 cc,Äang cáº­p nháº­t,Báº£o hÃ nh hÃ£ng,> 50 kg,https://xe.chotot.com/mua-ban-xe-may-thanh-pho-thu-duc-tp-ho-chi-minh/123408372.htm
2299,BN302 xe mÃ¡y mÃ³c Ãªm zin Ä‘áº£m báº£o uy tÃ­n,36.000.000 Ä‘,20.8 tr,24.41 tr,"PhÆ°á»ng TÃ¢n HÆ°ng Thuáº­n, Quáº­n 12, Tp Há»“ ChÃ­ Minh","AE suy nghÄ© gÃ¬ ná»¯a há»‘t em nÃ y vá» mÃ  cháº¡y, mÃ¡y mÃ³c lÃ  khá»Ÿi lo nha AE. GiÃ¡ láº¡i tá»‘t ná»¯a. Xem xe LH em . Äá»‹a chá»‰ song hÃ nh Q12 ( cÃ¡ch Ä‘Æ°á»ng Nguyá»…n VÄƒn quÃ¡ 500m. Zalo ***.",Honda,DÃ²ng khÃ¡c,2016,5000,ÄÃ£ sá»­ dá»¥ng,Tay cÃ´n/Moto,TrÃªn 175 cc,ThÃ¡i Lan,Báº£o hÃ nh hÃ£ng,> 50 kg,https://xe.chotot.com/mua-ban-xe-may-quan-12-tp-ho-chi-minh/123447024.htm
3505,Vario Indo 160 - dk t12/2022,42.000.000 Ä‘,36.06 tr,42.33 tr,"PhÆ°á»ng 14, Quáº­n BÃ¬nh Tháº¡nh, Tp Há»“ ChÃ­ Minh","MÃ¬nh nhÃ  cháº­t muá»‘n bÃ¡n xe nhÃ  Ä‘i vario dk T11/2022 xe nháº­p indo Ä‘i Ä‘Æ°á»£c 15 ngÃ n km hÆ¡n gáº§n 16 ngÃ n.
Xe zin háº¿t sÆ¡n zin cÃ³ dÃ¡n keo trong nguyÃªn xe . Zem xe táº¡i Q1",Honda,Vario,2023,15800,ÄÃ£ sá»­ dá»¥ng,Tay ga,100 - 175 cc,Nháº­t Báº£n,Báº£o hÃ nh hÃ£ng,> 50 kg,https://xe.chotot.com/mua-ban-xe-may-quan-binh-thanh-tp-ho-chi-minh/123327104.htm
6174,em cáº§n bÃ¡n xe lead mÃ¡y Ãªm giáº¥y tá» Ä‘Ã y Ä‘á»§,6.500.000 Ä‘,6.64 tr,7.79 tr,"XÃ£ TÃ¢n QuÃ½ TÃ¢y, Huyá»‡n BÃ¬nh ChÃ¡nh, Tp Há»“ ChÃ­ Minh","Em cáº§n bÃ¡n xe lead giáº¥y tá» há»£p lá»‡
***",Honda,Lead,2010,22,ÄÃ£ sá»­ dá»¥ng,Tay ga,100 - 175 cc,Nháº­t Báº£n,Báº£o hÃ nh hÃ£ng,> 50 kg,https://xe.chotot.com/mua-ban-xe-may-huyen-binh-chanh-tp-ho-chi-minh/124022040.htm
1776,vario 150i Ä‘á»i 2021..1 chá»§ odo 21.000km,36.300.000 Ä‘,32.11 tr,37.7 tr,"PhÆ°á»ng 14, Quáº­n 11, Tp Há»“ ChÃ­ Minh","vario 150cc Ä‘á»i 2021 smatkey tráº¯ng cam sprot ráº¥t Ä‘áº¹p (khoÃ¡ thÃ´ng minh smartkey) Ä‘á»i cuá»‘i cÃ¹ng cá»§a máº«u nÃ y 
âŒxe mÃ¬nh Odo 21.000 km cÃ²n ráº¥t má»›i (khá»i cáº§n táº£)
ğŸ”‹vá» theo xe 1 cáº·p 
ğŸ”‹xe cÃ²n ráº¥t Ä‘áº¹p Ã­t hao xÄƒng..Ä‘i lÃ²ng vÃ²ng chÆ°a bao giá» Ä‘i xa..trÃ¹m má»n chá»§ yáº¿u..
ğŸ”‹xe 2 remot 
Xe ngay chá»§ 5 sá»‘..biá»ƒn thÃ nh phá»‘ bÃ¬nh duÆ¡ng 61âŒ ngay mÃ¬nh Ä‘á»©ng tÃªnâ€¦.sang tÃªn 1 ná»‘t nháº¡c..xem xe q11...ngay chá»§ bÃ¡n..",Honda,Vario,2021,21000,ÄÃ£ sá»­ dá»¥ng,Tay ga,100 - 175 cc,NÆ°á»›c khÃ¡c,Báº£o hÃ nh hÃ£ng,> 50 kg,https://xe.chotot.com/mua-ban-xe-may-quan-11-tp-ho-chi-minh/118692031.htm
3568,Dylan lÃªn SH 150i + smartkey bstp mÃ¡y cá»±c Ãªm,16.800.000 Ä‘,8.01 tr,9.41 tr,"PhÆ°á»ng 26, Quáº­n BÃ¬nh Tháº¡nh, Tp Há»“ ChÃ­ Minh","KhÃ´ng cÃ³ nhu cáº§u sá»­ dá»¥ng nÃªn cáº§n bÃ¡n Dylan bstp Ä‘Ã£ lÃªn full dÃ n Ã¡o SH, lÃªn sáºµn smartkey
Xe mÃ¡y mÃ³c Ãªm ru, khá»™nh lá»—i láº§m, dÃ n ngoÃ i tráº§y xÆ°á»›c nháº¹ theo nÄƒm thÃ¡ng.
Mua bÃ¡n táº¡i nhÃ , bao tranh cháº¥p toÃ n quá»‘c.
GiÃ¡: 16.800.000 (mong gáº·p ngÆ°á»i thiá»‡n chÃ­)
Xem xe trá»±c tiáº¿p táº¡i BÃ¬nh Tháº¡nh, HCM.
Cáº£m Æ¡n má»i ngÆ°á»i Ä‘Ã£ Ä‘á»c tin",Honda,Dylan,2005,30000,ÄÃ£ sá»­ dá»¥ng,Tay ga,100 - 175 cc,Viá»‡t Nam,Báº£o hÃ nh hÃ£ng,> 50 kg,https://xe.chotot.com/mua-ban-xe-may-quan-binh-thanh-tp-ho-chi-minh/120485659.htm
3652,BÃN HONDA REBEL 125cc,94.000.000 Ä‘,86.48 tr,101.52 tr,"PhÆ°á»ng 12, Quáº­n GÃ² Váº¥p, Tp Há»“ ChÃ­ Minh","- Honda Rebel 125cc hqcn Ä‘áº¹p leng keng 
- Zin nguyÃªn, mÃ¡y máº¡nh, Ãªm ngay chá»§, 
- Bao rÃºt há»“ sÆ¡ sang tÃªn toÃ n quá»‘c 

â˜ï¸ *** (zalo)
ğŸš› Ship Cod ToÃ n Quá»‘c",Honda,Rebel,1998,72000,ÄÃ£ sá»­ dá»¥ng,Tay cÃ´n/Moto,TrÃªn 175 cc,Nháº­t Báº£n,Báº£o hÃ nh hÃ£ng,> 50 kg,https://xe.chotot.com/mua-ban-xe-may-quan-go-vap-tp-ho-chi-minh/124952651.htm
3536,Thanh LÃ½ xe giÃ¡ ráº»,3.200.000 Ä‘,6.44 tr,7.56 tr,"PhÆ°á»ng 27, Quáº­n BÃ¬nh Tháº¡nh, Tp Há»“ ChÃ­ Minh","ngoáº¡i hÃ¬nh liá»n láº¡c, giáº¥y tá» Ä‘áº§y Ä‘á»§, bÃ¬nh yáº¿u khÃ´ng Ä‘á» Ä‘Æ°á»£c",SYM,DÃ²ng khÃ¡c,2015,100000,ÄÃ£ sá»­ dá»¥ng,Xe sá»‘,100 - 175 cc,ÄÃ i Loan,Báº£o hÃ nh hÃ£ng,> 50 kg,https://xe.chotot.com/mua-ban-xe-may-quan-binh-thanh-tp-ho-chi-minh/123252718.htm
5995,YAMAHA EXCTTER 150 Ä‘áº¹p hoáº¡ Ä‘á»™ng hoÃ n háº£o,13.500.000 Ä‘,14.95 tr,17.54 tr,"PhÆ°á»ng PhÆ°á»›c Long B (Quáº­n 9 cÅ©), ThÃ nh phá»‘ Thá»§ Äá»©c, Tp Há»“ ChÃ­ Minh","YAMAHA EXCTTER 150 Ä‘áº¹p hoáº¡ Ä‘á»™ng hoÃ n háº£o 
MÃ¡y máº¡nh cháº¡y Ãªm 
Giáº¥y tá» Ä‘áº§y Ä‘á»§",Yamaha,Exciter,2016,235345,ÄÃ£ sá»­ dá»¥ng,Tay cÃ´n/Moto,100 - 175 cc,Nháº­t Báº£n,Báº£o hÃ nh hÃ£ng,> 50 kg,https://xe.chotot.com/mua-ban-xe-may-thanh-pho-thu-duc-tp-ho-chi-minh/123167871.htm
737,BÃ¡n xe tay ga nhÆ° hÃ¬nh,9.000.000 Ä‘,6.83 tr,8.02 tr,"PhÆ°á»ng TÃ¢n Kiá»ƒng, Quáº­n 7, Tp Há»“ ChÃ­ Minh","Cáº§n bÃ¡n chiáº¿c xe nhÆ° hÃ¬nh. 
Giáº¥y tá» Ä‘áº§y Ä‘á»§
MÃ¡y bao Ãªm chÆ°a bung
 GiÃ¡ 9tr. Xe nhá» gá»n, thÃ­ch há»£p cho ná»¯ cháº¡y",Yamaha,Luvias,2013,200000,ÄÃ£ sá»­ dá»¥ng,Tay ga,100 - 175 cc,Äang cáº­p nháº­t,Báº£o hÃ nh hÃ£ng,> 50 kg,https://xe.chotot.com/mua-ban-xe-may-quan-7-tp-ho-chi-minh/125003249.htm
7055,Thanh LÃ½ xe Wave RSX,8.000.000 Ä‘,6.99 tr,8.21 tr,"XÃ£ XuÃ¢n Thá»›i ÄÃ´ng, Huyá»‡n HÃ³c MÃ´n, Tp Há»“ ChÃ­ Minh",DÆ° xe cáº§n thanh lÃ½ xe Wave RSX chÃ­nh chá»§ . LiÃªn há»‡ xem xe trá»±c tiáº¿p .,Honda,Wave,2012,82000,ÄÃ£ sá»­ dá»¥ng,Xe sá»‘,100 - 175 cc,Viá»‡t Nam,Báº£o hÃ nh hÃ£ng,> 50 kg,https://xe.chotot.com/mua-ban-xe-may-huyen-hoc-mon-tp-ho-chi-minh/119336997.htm
1766,cáº§n bÃ¡n ab Ä‘áº§u bÃ² thÃ¡ng 12-2011,10.300.000 Ä‘,10.02 tr,11.76 tr,"PhÆ°á»ng 3, Quáº­n 11, Tp Há»“ ChÃ­ Minh",BÃ¡n(Ä‘á»i)ab Ä‘Ã u bÃ² xs:12-2011 chÃ­nh chá»§ cong chá»©ng mua bÃ¡n uá»· quyÃ¨n ok . GiÃ¡ mong muÃ³n 10.300.000â‚« cáº£m Æ¡n chá»£ tá»‘t Ä‘Ã£ duá»µet tinğŸ”ŠğŸ“¢ğŸ‡¯ğŸ‡µ,Honda,Air Blade,2011,82000,ÄÃ£ sá»­ dá»¥ng,Tay ga,100 - 175 cc,Nháº­t Báº£n,Báº£o hÃ nh hÃ£ng,> 50 kg,https://xe.chotot.com/mua-ban-xe-may-quan-11-tp-ho-chi-minh/123227162.htm
5573,Cáº§n bÃ¡n xe nhÃ  em sá»± dÅ©ng xe em bao zin gia 110tr,110.000.000 Ä‘,95.08 tr,111.62 tr,"PhÆ°á»ng Tam PhÃº (Quáº­n Thá»§ Äá»©c cÅ©), ThÃ nh phá»‘ Thá»§ Äá»©c, Tp Há»“ ChÃ­ Minh",Cáº§n bÃ¡n xe nhÃ  em sá»± dÅ©ng xe mau y gia 110tr,Honda,SH,2010,40000,ÄÃ£ sá»­ dá»¥ng,Tay ga,100 - 175 cc,Viá»‡t Nam,Báº£o hÃ nh hÃ£ng,> 50 kg,https://xe.chotot.com/mua-ban-xe-may-thanh-pho-thu-duc-tp-ho-chi-minh/123621136.htm
5824,BÃ¡n Wave Aphal 208 biá»ƒn thÃ nh phá»‘ mÃ¡y cá»±c Ãªm,6.700.000 Ä‘,6.77 tr,7.94 tr,"PhÆ°á»ng PhÃº Há»¯u (Quáº­n 9 cÅ©), ThÃ nh phá»‘ Thá»§ Äá»©c, Tp Há»“ ChÃ­ Minh","mÃ¡y mÃ³c Ãªm k hÃº hÃ­, cÃ y bá»«a thoáº£i mÃ¡i,Má»i chá»©c nÄƒng Ä‘áº§y Ä‘á»§,Mua vá» Ä‘á»• xÄƒng lÃ  Cháº¡y, cÃ³ bá»›t anh em nhanh gá»n giÃ¡y tá» Ä‘áº§y Ä‘á»§ bao tranh cháº¥p",Honda,Wave,2008,0,ÄÃ£ sá»­ dá»¥ng,Xe sá»‘,100 - 175 cc,Nháº­t Báº£n,Báº£o hÃ nh hÃ£ng,> 50 kg,https://xe.chotot.com/mua-ban-xe-may-thanh-pho-thu-duc-tp-ho-chi-minh/123370841.htm
4014,"cáº§n bÃ¡n xe wave 2022,cÃ³ fix cho ae láº¥y nhanh",16.000.000 Ä‘,14.31 tr,16.8 tr,"PhÆ°á»ng 10, Quáº­n GÃ² Váº¥p, Tp Há»“ ChÃ­ Minh","Xe Ä‘Ã£ Ä‘i Ä‘Æ°á»£c 3100km
TÃ¬nh tráº¡ng xe cÃ²n má»›i
KhÃ´ng Ä‘Ã¢m Ä‘á»¥ng
Giáº¥y tá» sang tÃªn nhanh gá»n
Do nhÃ  dÆ° xe nÃªn cáº§n bÃ¡n
CÃ³ fix cho ae láº¥y nhanh",Honda,Wave,2022,31000,ÄÃ£ sá»­ dá»¥ng,Xe sá»‘,100 - 175 cc,Viá»‡t Nam,Báº£o hÃ nh hÃ£ng,> 50 kg,https://xe.chotot.com/mua-ban-xe-may-quan-go-vap-tp-ho-chi-minh/123259603.htm
2099,"BÃ¡n xe Cub 50cc Bso Tp 8,5tr",8.500.000 Ä‘,7.76 tr,9.11 tr,"PhÆ°á»ng Tháº¡nh XuÃ¢n, Quáº­n 12, Tp Há»“ ChÃ­ Minh","- Xe Honda Cub 50cc , Bso Tp, Cavet Ä‘áº§y Ä‘á»§.

- Xe ráº¥t nháº¡y ná»•, lá»£i xÄƒng , xe Ä‘ang Ä‘i lÃ m hÃ ng ngÃ y bt. ÄÃ¨n kÃ¨n to rÃµ.
- ÄÃ£ thay bÃ¬nh xÄƒng lá»›n.
- Baga sÆ°á»n má»›i, inox dÃ y.
- Rá»• xe Ä‘á»“ chÆ¡i Nháº­t dÃ y Ä‘áº¹p, má»›i.
- Má»›i thay niá»ng trÆ°á»›c, cáº·p bÃ¡nh má»›i
- CÃ²n Ä‘á»§ bá»™ khoÃ¡ zin má»›i, 3 vá»‹ trÃ­ dÃ¹ng 1 chÃ¬a: Ná»•, Cá»•, HÃ´ng
- ÄÃ£ thay má»›i: Xi nhan sau, Niá»ng trÆ°á»›c, 02 bÃ¡nh má»›i + ruá»™t
- SÆ¡n cÅ©, má»™t sá»‘ vá»‹ trÃ­ sÆ°á»n cÃ³ gá»‰.",Honda,Cub,1999,40000,ÄÃ£ sá»­ dá»¥ng,Xe sá»‘,50 - 100 cc,Nháº­t Báº£n,Báº£o hÃ nh hÃ£ng,> 50 kg,https://xe.chotot.com/mua-ban-xe-may-quan-12-tp-ho-chi-minh/123769575.htm
4616,BÃ¡n Xe yamaha ultimo,8.500.000 Ä‘,6.19 tr,7.26 tr,"PhÆ°á»ng TÃ¢n QuÃ½, Quáº­n TÃ¢n PhÃº, Tp Há»“ ChÃ­ Minh","Mio Utimo Xe NhÃ  Äi Äá»i Cao Cuá»‘i 11/2009 Biá»ƒn Sá»‘ ThÃ nh Phá»‘ ChÃ­nh Chá»§. Sang TÃªn 1 Ná»‘t Nháº¡c. 

- MÃ¡y MÃ³c Zin ÃŠm. Gaanti Nhiá»…n Nhá»«

- DÃ n Ão Leng Keng BÃ³ng LÆ°á»¡ng. 

- Cáº·p Vá» CÃ²n DÃ y Cui 

- DÃ²ng NÃ y Cháº¡y SiÃªu ÄÃ£. Anh Chá»‹ Em Mua Vá» Chá»‰ Viá»‡c Cháº¡y. 

GiÃ¡ BÃ¡n Chá»‰ 8.500.000 ( TÃ¡m Triá»‡u Máº¥y ). 

LiÃªn há»‡ : ***",Yamaha,Mio,2016,69999,ÄÃ£ sá»­ dá»¥ng,Tay ga,100 - 175 cc,Nháº­t Báº£n,Báº£o hÃ nh hÃ£ng,> 50 kg,https://xe.chotot.com/mua-ban-xe-may-quan-tan-phu-tp-ho-chi-minh/124684467.htm
5244,Xe cháº¡y bÃ¬nh thÆ°á»ng vk váº«n Ä‘i lÃ m thÆ°á»ng ngÃ y,15.500.000 Ä‘,16.83 tr,19.75 tr,"PhÆ°á»ng Long PhÆ°á»›c (Quáº­n 9 cÅ©), ThÃ nh phá»‘ Thá»§ Äá»©c, Tp Há»“ ChÃ­ Minh",BÃ¡n xe tai ga Ä‘ang cháº¡y bÃ¬nh thÆ°á»ng vk mÃ¬nh Ä‘ang Ä‘i lÃ m hÃ ng ngÃ y ban sá»‘ tá»‰nhlÃºc trÆ°á»›c mua cá»§a cá»­a hÃ ng giá» bÃ¡n láº¡i viáº¿t giáº¥y tai lien há»‡ sá»‘ Ä‘iá»‡n thoáº¡i cá»§a mÃ¬nh ***,Honda,Vision,2016,25,ÄÃ£ sá»­ dá»¥ng,Xe sá»‘,50 - 100 cc,Nháº­t Báº£n,Báº£o hÃ nh hÃ£ng,> 50 kg,https://xe.chotot.com/mua-ban-xe-may-thanh-pho-thu-duc-tp-ho-chi-minh/124417760.htm
3232,BÃ¡n xe Honda PS 2012,61.000.000 Ä‘,,,"PhÆ°á»ng 13, Quáº­n BÃ¬nh Tháº¡nh, Tp Há»“ ChÃ­ Minh",Tá»‘t Ä‘ang thá»‰nh thoáº£ng Ä‘ang sá»­ dá»¥ng khi cáº§n Ä‘i cÃ´ng viá»‡c,Honda,PS,2012,61325,ÄÃ£ sá»­ dá»¥ng,Tay ga,100 - 175 cc,NÆ°á»›c khÃ¡c,Báº£o hÃ nh hÃ£ng,> 50 kg,https://xe.chotot.com/mua-ban-xe-may-quan-binh-thanh-tp-ho-chi-minh/124889165.htm
3765,Ducati scrambler 800 bssg 2016,125.000.000 Ä‘,115.38 tr,135.44 tr,"PhÆ°á»ng 10, Quáº­n GÃ² Váº¥p, Tp Há»“ ChÃ­ Minh","Cáº§n bÃ¡n ducati scrambler 800 Ä‘á»i 2016 BSSG kÃ½ mua bÃ¡n sang tÃªn.
- Xe Ä‘Ã£ lÃªn nhá»¯ng mÃ³n cÆ¡ báº£n : 
chá»‘ng Ä‘á»•
gÆ°Æ¡ng gÃ¹
cÃ¹m tÄƒng
báº£o vá»‡ gáº§m
pÃ´ HP corse
che kÃ©t
báº£o vá»‡ choÃ¡
mÃ£o
káº¹p dt
sáº¡c dt 2 cá»•ng type C, usb
- CÃ²n full Ä‘á»“ zin ( ghi-Ä‘ong, pÃ´, á»‘p hÃ´ng )
- ÄÃ£ desmo mÃ³c 30k ( xe cÃ²n 6300km ná»¯a má»›i tá»›i ká»³ desmo )
- Xe Ä‘Ã£ báº£o dÆ°á»¡ng thay nhá»›t hoÃ n chá»‰nh mua vá» Ä‘á»• xÄƒng cháº¡y
Bao ae check tÃ¬nh tráº¡ng thoáº£i mÃ¡i, cÃ³ fix tá»‘t cho ae nhanh láº¹ ğŸ‘",Ducati,Scrambler,2016,34500,ÄÃ£ sá»­ dá»¥ng,Tay cÃ´n/Moto,TrÃªn 175 cc,NÆ°á»›c khÃ¡c,Báº£o hÃ nh hÃ£ng,> 50 kg,https://xe.chotot.com/mua-ban-xe-may-quan-go-vap-tp-ho-chi-minh/124045903.htm
7207,BÃ¡n xe Future Äá»i Ä‘áº§u ChÃ­nh Chá»§,10.500.000 Ä‘,14.16 tr,16.63 tr,"XÃ£ PhÆ°á»›c Kiá»ƒn, Huyá»‡n NhÃ  BÃ¨, Tp Há»“ ChÃ­ Minh","Xe cÅ© theo nÄƒm thÃ¡ng nhá»¯ng váº«n cÃ²n Ä‘áº¹p vÃ  liá»n láº¡c , xe giá»¯ cháº¥t zin
Xe chÃ­nh chá»§ kÃ­ uy quyá»n hoáº·c mua bÃ¡n 
MÃ¡y mÃ³c em , Ä‘iá»‡n Ä‘Ã¨n Ä‘á» Ä‘áº§y Ä‘á»§ mua vá» chá»‰ Ä‘á»• xÄƒng vÃ  cháº¡y
Xe cháº¡y Ä‘i lÃ m vÃ  cfe vÃ²ng vÃ²ng
- Ai thiá»‡n chÃ­ hoáº·c á»Ÿ xa em bá»›t cfe",Honda,Future,2000,80000,ÄÃ£ sá»­ dá»¥ng,Xe sá»‘,100 - 175 cc,Viá»‡t Nam,Báº£o hÃ nh hÃ£ng,> 50 kg,https://xe.chotot.com/mua-ban-xe-may-huyen-nha-be-tp-ho-chi-minh/121196629.htm
5317,CÃ³ gia Ä‘Ã¬nh nÃªn bÃ¡n,35.000.000 Ä‘,32.2 tr,37.8 tr,"PhÆ°á»ng Long TrÆ°á»ng (Quáº­n 9 cÅ©), ThÃ nh phá»‘ Thá»§ Äá»©c, Tp Há»“ ChÃ­ Minh","CÃ³ con nhá» kho
ng thÃ­ch há»£p ná»¯a.nÃªn bÃ¡n Ä‘á»•i xe",Benelli,BN 302,2017,10000,ÄÃ£ sá»­ dá»¥ng,Tay cÃ´n/Moto,TrÃªn 175 cc,Äang cáº­p nháº­t,Báº£o hÃ nh hÃ£ng,> 50 kg,https://xe.chotot.com/mua-ban-xe-may-thanh-pho-thu-duc-tp-ho-chi-minh/124075983.htm
6978,DÆ° con xe nÃªn cáº§n bÃ¡n,4.700.000 Ä‘,3.28 tr,3.85 tr,"XÃ£ ÄÃ´ng Tháº¡nh, Huyá»‡n HÃ³c MÃ´n, Tp Há»“ ChÃ­ Minh","TÃ¬nh tráº¡ng xe cháº¡y ok 
Do khÃ´ng cÃ²n nhu sá»­ dá»¥ng nÃªn bÃ¡n 
Anh em nÃ o thiá»‡n chÃ­ nt cho mÃ¬nh nhÃ© 
Nhanh láº¹ e fix chÃºt cho anh xÄƒng cá»™
KhÃ´ng tiáº¿p anh em cÃ² lÃ¡i mÃ¬nh cáº£m Æ¡n
Xe vá»«a thay nhá»› mÃ¡y nhá»›t lap vá»«a thay cáº·p vá» 
Mua vá» chá»‰ Ä‘á»• xÄƒng cháº¡y",Suzuki,Hayate,2008,50000,ÄÃ£ sá»­ dá»¥ng,Tay ga,100 - 175 cc,Viá»‡t Nam,Báº£o hÃ nh hÃ£ng,> 50 kg,https://xe.chotot.com/mua-ban-xe-may-huyen-hoc-mon-tp-ho-chi-minh/123374527.htm
4999,Xe Freeway zin 98% Ä‘á»i cuá»‘i siÃªu hiáº¿m Ä‘áº§u 13,35.000.000 Ä‘,11.59 tr,13.61 tr,"PhÆ°á»ng PhÆ°á»›c Long B (Quáº­n 9 cÅ©), ThÃ nh phá»‘ Thá»§ Äá»©c, Tp Há»“ ChÃ­ Minh","Xe Freeway Ä‘áº§u 13, Ä‘á»i cuá»‘i Ä‘á»i hoÃ n thiá»‡n nháº¥t cá»§a dÃ²ng Freeway, mÃ¡y Ãªm, cháº¡y Ä‘Æ°á»ng trÆ°á»ng ráº¥t thoáº£i mÃ¡i. Xe khÃ´ng dÃ nh cho sá»‘ Ä‘Ã´ng.
Xe Ä‘á»“ zin 98%, hao mÃ²n theo thá»i gian 2%.
GiÃ¡ nÃ y thÃ¬ anh em Ä‘á»«ng há»i phÃ¡p lÃ½ nhÃ©. Chá»‰ tiáº¿p ngÆ°á»i cÃ³ tÃ¬m hiá»ƒu vá» dÃ²ng Freeway, bá»›t lá»™c cho khÃ¡ch thiá»‡n chÃ­ nhanh gá»n",Honda,DÃ²ng khÃ¡c,1995,250000,ÄÃ£ sá»­ dá»¥ng,Tay ga,TrÃªn 175 cc,Nháº­t Báº£n,Báº£o hÃ nh hÃ£ng,> 50 kg,https://xe.chotot.com/mua-ban-xe-may-thanh-pho-thu-duc-tp-ho-chi-minh/125014282.htm
3426,Ninja 300 chÃ­nh chá»§.,50.000.000 Ä‘,72.29 tr,84.86 tr,"PhÆ°á»ng 11, Quáº­n BÃ¬nh Tháº¡nh, Tp Há»“ ChÃ­ Minh","HÃ¬nh sao bÃ¡n váº­y
Xe chÃ­nh chá»§
Dui dáº» bá»›t nhiá»u",Kawasaki,Ninja,2018,40000,ÄÃ£ sá»­ dá»¥ng,Tay cÃ´n/Moto,TrÃªn 175 cc,NÆ°á»›c khÃ¡c,Báº£o hÃ nh hÃ£ng,> 50 kg,https://xe.chotot.com/mua-ban-xe-may-quan-binh-thanh-tp-ho-chi-minh/123524374.htm
1488,"Sh Ã½ Sm109 ChÃ­nh chá»§ Ä‘ang cháº¡y Ä‘á»©ng bÃ¡n,SX 12/2012",200.000.000 Ä‘,101.46 tr,119.11 tr,"PhÆ°á»ng 4, Quáº­n 10, Tp Há»“ ChÃ­ Minh","NhÃ  nhiá»u xe,Ã­t Ä‘i,nÃªn chia sáº» Ä‘am mÃª
ChÃ­nh chá»§ Ä‘á»©ng bÃ¡n
Sh Ã½ 150 sá»‘ mÃ¡y 109 Ä‘Äƒng kÃ½ cuá»‘i thÃ¡ng 12/2012 Ä‘áº§u mÃ¡y zin 100% xe chÃ­nh chá»§,
chÆ°a rá»›t quáº¡t
 ic sáº¡c cÃ²n zin 
háº¿t mÃ¡y cháº¯c kg dá»ng hay hÃº hÃ­ gi háº¿t vá» dunlop zin cÃ²n má»›i tinh
YÃªn zin cÃ²n ráº¥t Ä‘ep sÆ¡n dÃ¡n keo nguyÃªn
Ae mua vá» chá»‰ Ä‘á»• xÄƒng cháº¡y
GiÃ¡ mong muá»‘n 200trieu
*** TÃ i 18t
xem xe táº¡i nhÃ (quáº­n 10) Ä‘á»ƒ thÆ°Æ¡ng lÆ°á»£ng thÃªm",Honda,SH,2012,31000,ÄÃ£ sá»­ dá»¥ng,Tay ga,100 - 175 cc,NÆ°á»›c khÃ¡c,Báº£o hÃ nh hÃ£ng,> 50 kg,https://xe.chotot.com/mua-ban-xe-may-quan-10-tp-ho-chi-minh/124348561.htm
102,bÃ¡n xe sh 125i 2023 bstp,74.500.000 Ä‘,73.25 tr,85.99 tr,"PhÆ°á»ng Nguyá»…n CÆ° Trinh, Quáº­n 1, Tp Há»“ ChÃ­ Minh","MÃ¬nh bÃ¡n xe chÃ­nh chá»§ biá»ƒn sá»‘ tp quáº­n tÃ¢n phÃº 
Xe cÃ³ dÃ¡n keo gá»¡ keo ra lÃ  k cÃ³ váº¿t tráº§y 
Cháº¡y 10605km, mua 7/2023",Honda,SH,2023,10605,ÄÃ£ sá»­ dá»¥ng,Tay ga,100 - 175 cc,Viá»‡t Nam,Báº£o hÃ nh hÃ£ng,> 50 kg,https://xe.chotot.com/mua-ban-xe-may-quan-1-tp-ho-chi-minh/123358750.htm
2645,Xe Tay Ga Vario 150 TÃ­m Máº¯m TÃ´m - CHÃNH CHá»¦,42.000.000 Ä‘,35.85 tr,42.08 tr,"PhÆ°á»ng An Láº¡c, Quáº­n BÃ¬nh TÃ¢n, Tp Há»“ ChÃ­ Minh","Cáº¦N BÃN XE VARIO 150 â€“ CHÃNH CHá»¦
ThÃ´ng tin xe:
â€“ DÃ²ng xe: Honda Vario 150
â€“ Xuáº¥t xá»©: Indonesia 
â€“ Odo: 46922km
â€“ Biá»ƒn sá»‘: 50Y168388
â€“ MÃ u sáº¯c: TÃ­m máº¯m tÃ´m â€“ mÃ u Ä‘á»™c láº¡, Ã­t Ä‘á»¥ng hÃ ng
â€“ Xe chÃ­nh chá»§, giáº¥y tá» Ä‘áº§y Ä‘á»§, há»— trá»£ sang tÃªn
â€“ MÃ¡y zin Ãªm ru, chÆ°a bung Ä‘áº§u, chÆ°a lÃ m ná»“i
â€“ CÃ³ tráº§y xÆ°á»›c 
â€“ Äá»‹nh ká»³ thay nhá»›t, báº£o dÆ°á»¡ng ká»¹
Æ¯u Ä‘iá»ƒm: Xe mÃ u Ä‘á»™c, cháº¡y khoáº», tiáº¿t kiá»‡m xÄƒng
â€œ Biá»ƒn sá»‘ Ä‘áº¹p â€
#vario150 #banxecu #xegaTPHCM #xegaBinhTan #chinhchu",Honda,Vario,2024,46900,ÄÃ£ sá»­ dá»¥ng,Tay ga,100 - 175 cc,NÆ°á»›c khÃ¡c,Báº£o hÃ nh hÃ£ng,> 50 kg,https://xe.chotot.com/mua-ban-xe-may-quan-binh-tan-tp-ho-chi-minh/124670086.htm
3025,bÃ¡n chiáº¿c vision báº£n thá»ƒ thao 2023,32.500.000 Ä‘,27.84 tr,32.68 tr,"PhÆ°á»ng An Láº¡c, Quáº­n BÃ¬nh TÃ¢n, Tp Há»“ ChÃ­ Minh","cáº§n bÃ¡n chiáº¿c vision Ä‘k 2023 mÃ u xÃ¡m xi mÄƒng.mÃ¡y zin,dÃ n Ã¡o Ä‘áº¹p xe Ä‘i kÄ©.bao test thoáº£i mÃ¡i,xe cÃ²n 2 kÃ­nh vÃ  1 remote.ae ai cáº§n lh ***.xin cáº£m Æ¡n",Honda,Vision,2023,4400,ÄÃ£ sá»­ dá»¥ng,Tay ga,100 - 175 cc,Viá»‡t Nam,Báº£o hÃ nh hÃ£ng,> 50 kg,https://xe.chotot.com/mua-ban-xe-may-quan-binh-tan-tp-ho-chi-minh/123418840.htm
2830,Cáº¦N bÃ¡n láº¡i con vision Ä‘á»i 2016 . CÃ²n Fix,13.500.000 Ä‘,16.83 tr,19.75 tr,"PhÆ°á»ng TÃ¢n Táº¡o A, Quáº­n BÃ¬nh TÃ¢n, Tp Há»“ ChÃ­ Minh",Xe nÄƒm 2016 ThÃ­ch há»£p cho ae mua vá» cháº¡y Dá»‹ch vá»¥ xe Ã­t hÆ° váº·t . CÃ³ tráº§y theo nÄƒm thÃ¡ng sá»­ dá»¥ng,Honda,Vision,2016,999999,ÄÃ£ sá»­ dá»¥ng,Tay ga,100 - 175 cc,Äang cáº­p nháº­t,Báº£o hÃ nh hÃ£ng,> 50 kg,https://xe.chotot.com/mua-ban-xe-may-quan-binh-tan-tp-ho-chi-minh/123696886.htm
1075,Cáº§n bÃ¡n gáº¥p chÃ­nh chá»§ á»§y quyá»n,120.000.000 Ä‘,28 tr,32.86 tr,"PhÆ°á»ng PhÃº Thuáº­n, Quáº­n 7, Tp Há»“ ChÃ­ Minh",Cáº§n bÃ¡n gáº¥p.chinh chá»§ á»§y quyá»n .. chia cho ae Ä‘am mÃª biá»ƒn Ä‘áº¹p,Honda,Vision,2023,900000,ÄÃ£ sá»­ dá»¥ng,Tay cÃ´n/Moto,100 - 175 cc,Viá»‡t Nam,Báº£o hÃ nh hÃ£ng,> 50 kg,https://xe.chotot.com/mua-ban-xe-may-quan-7-tp-ho-chi-minh/123179127.htm
